<?xml version="1.0" encoding="utf-8"?>
<!-- Edited with FutureStage XBRL Solution Library .NET 01-11 -->
<link:linkbase xmlns:xlink="http://www.w3.org/1999/xlink" xmlns:xsi="http://www.w3.org/2001/XMLSchema-instance" xmlns:link="http://www.xbrl.org/2003/linkbase">
  <link:roleRef xlink:type="simple" xlink:href="http://disclosure.edinet-fsa.go.jp/taxonomy/jppfs/2024-11-01/jppfs_rt_2024-11-01.xsd#rol_BalanceSheet" roleURI="http://disclosure.edinet-fsa.go.jp/role/jppfs/rol_BalanceSheet" />
  <link:roleRef xlink:type="simple" xlink:href="http://disclosure.edinet-fsa.go.jp/taxonomy/jppfs/2024-11-01/jppfs_rt_2024-11-01.xsd#rol_StatementOfIncomeAndRetainedEarnings" roleURI="http://disclosure.edinet-fsa.go.jp/role/jppfs/rol_StatementOfIncomeAndRetainedEarnings" />
  <link:calculationLink xlink:type="extended" xlink:role="http://disclosure.edinet-fsa.go.jp/role/jppfs/rol_StatementOfIncomeAndRetainedEarnings">
    <link:loc xlink:type="locator" xlink:href="http://disclosure.edinet-fsa.go.jp/taxonomy/jppfs/2024-11-01/jppfs_cor_2024-11-01.xsd#jppfs_cor_DecreaseInSurplusOrIncreaseInDeficitFND" xlink:label="jppfs_cor_DecreaseInSurplusOrIncreaseInDeficitFND" />
    <link:loc xlink:type="locator" xlink:href="http://disclosure.edinet-fsa.go.jp/taxonomy/jppfs/2024-11-01/jppfs_cor_2024-11-01.xsd#jppfs_cor_DecreaseInSurplusOrIncreaseInDeficitFromAdditionalSubscriptionsForThePeriodFND" xlink:label="jppfs_cor_DecreaseInSurplusOrIncreaseInDeficitFromAdditionalSubscriptionsForThePeriodFND" />
    <link:loc xlink:type="locator" xlink:href="http://disclosure.edinet-fsa.go.jp/taxonomy/jppfs/2024-11-01/jppfs_cor_2024-11-01.xsd#jppfs_cor_DividendsIncomeOIFND" xlink:label="jppfs_cor_DividendsIncomeOIFND" />
    <link:loc xlink:type="locator" xlink:href="http://disclosure.edinet-fsa.go.jp/taxonomy/jppfs/2024-11-01/jppfs_cor_2024-11-01.xsd#jppfs_cor_IncreaseInSurplusOrDecreaseInDeficitFND" xlink:label="jppfs_cor_IncreaseInSurplusOrDecreaseInDeficitFND" />
    <link:loc xlink:type="locator" xlink:href="http://disclosure.edinet-fsa.go.jp/taxonomy/jppfs/2024-11-01/jppfs_cor_2024-11-01.xsd#jppfs_cor_IncreaseInSurplusOrDecreaseInDeficitFromPartialRedemptionsFND" xlink:label="jppfs_cor_IncreaseInSurplusOrDecreaseInDeficitFromPartialRedemptionsFND" />
    <link:loc xlink:type="locator" xlink:href="http://disclosure.edinet-fsa.go.jp/taxonomy/jppfs/2024-11-01/jppfs_cor_2024-11-01.xsd#jppfs_cor_InterestIncomeOIFND" xlink:label="jppfs_cor_InterestIncomeOIFND" />
    <link:loc xlink:type="locator" xlink:href="http://disclosure.edinet-fsa.go.jp/taxonomy/jppfs/2024-11-01/jppfs_cor_2024-11-01.xsd#jppfs_cor_InvestmentTrustManagementFeeOEFND" xlink:label="jppfs_cor_InvestmentTrustManagementFeeOEFND" />
    <link:loc xlink:type="locator" xlink:href="http://disclosure.edinet-fsa.go.jp/taxonomy/jppfs/2024-11-01/jppfs_cor_2024-11-01.xsd#jppfs_cor_OperatingExpensesFND" xlink:label="jppfs_cor_OperatingExpensesFND" />
    <link:loc xlink:type="locator" xlink:href="http://disclosure.edinet-fsa.go.jp/taxonomy/jppfs/2024-11-01/jppfs_cor_2024-11-01.xsd#jppfs_cor_OperatingIncome" xlink:label="jppfs_cor_OperatingIncome" />
    <link:loc xlink:type="locator" xlink:href="http://disclosure.edinet-fsa.go.jp/taxonomy/jppfs/2024-11-01/jppfs_cor_2024-11-01.xsd#jppfs_cor_OperatingRevenueFND" xlink:label="jppfs_cor_OperatingRevenueFND" />
    <link:loc xlink:type="locator" xlink:href="http://disclosure.edinet-fsa.go.jp/taxonomy/jppfs/2024-11-01/jppfs_cor_2024-11-01.xsd#jppfs_cor_OtherExpensesOEFND" xlink:label="jppfs_cor_OtherExpensesOEFND" />
    <link:loc xlink:type="locator" xlink:href="http://disclosure.edinet-fsa.go.jp/taxonomy/jppfs/2024-11-01/jppfs_cor_2024-11-01.xsd#jppfs_cor_ProfitAndLossOnBuyingAndSellingOfSecuritiesAndOtherOIFND" xlink:label="jppfs_cor_ProfitAndLossOnBuyingAndSellingOfSecuritiesAndOtherOIFND" />
    <link:loc xlink:type="locator" xlink:href="http://disclosure.edinet-fsa.go.jp/taxonomy/jppfs/2024-11-01/jppfs_cor_2024-11-01.xsd#jppfs_cor_TrusteeFeeOEFND" xlink:label="jppfs_cor_TrusteeFeeOEFND" />
    <link:calculationArc xlink:type="arc" xlink:from="jppfs_cor_DecreaseInSurplusOrIncreaseInDeficitFND" xlink:to="jppfs_cor_DecreaseInSurplusOrIncreaseInDeficitFromAdditionalSubscriptionsForThePeriodFND" xlink:arcrole="http://www.xbrl.org/2003/arcrole/summation-item" order="1" weight="1" />
    <link:calculationArc xlink:type="arc" xlink:from="jppfs_cor_IncreaseInSurplusOrDecreaseInDeficitFND" xlink:to="jppfs_cor_IncreaseInSurplusOrDecreaseInDeficitFromPartialRedemptionsFND" xlink:arcrole="http://www.xbrl.org/2003/arcrole/summation-item" order="1" weight="1" />
    <link:calculationArc xlink:type="arc" xlink:from="jppfs_cor_OperatingIncome" xlink:to="jppfs_cor_OperatingExpensesFND" xlink:arcrole="http://www.xbrl.org/2003/arcrole/summation-item" order="2" weight="-1" />
    <link:calculationArc xlink:type="arc" xlink:from="jppfs_cor_OperatingExpensesFND" xlink:to="jppfs_cor_TrusteeFeeOEFND" xlink:arcrole="http://www.xbrl.org/2003/arcrole/summation-item" order="1" weight="1" />
    <link:calculationArc xlink:type="arc" xlink:from="jppfs_cor_OperatingExpensesFND" xlink:to="jppfs_cor_InvestmentTrustManagementFeeOEFND" xlink:arcrole="http://www.xbrl.org/2003/arcrole/summation-item" order="2" weight="1" />
    <link:calculationArc xlink:type="arc" xlink:from="jppfs_cor_OperatingExpensesFND" xlink:to="jppfs_cor_OtherExpensesOEFND" xlink:arcrole="http://www.xbrl.org/2003/arcrole/summation-item" order="3" weight="1" />
    <link:calculationArc xlink:type="arc" xlink:from="jppfs_cor_OperatingIncome" xlink:to="jppfs_cor_OperatingRevenueFND" xlink:arcrole="http://www.xbrl.org/2003/arcrole/summation-item" order="1" weight="1" />
    <link:calculationArc xlink:type="arc" xlink:from="jppfs_cor_OperatingRevenueFND" xlink:to="jppfs_cor_DividendsIncomeOIFND" xlink:arcrole="http://www.xbrl.org/2003/arcrole/summation-item" order="1" weight="1" />
    <link:calculationArc xlink:type="arc" xlink:from="jppfs_cor_OperatingRevenueFND" xlink:to="jppfs_cor_InterestIncomeOIFND" xlink:arcrole="http://www.xbrl.org/2003/arcrole/summation-item" order="2" weight="1" />
    <link:calculationArc xlink:type="arc" xlink:from="jppfs_cor_OperatingRevenueFND" xlink:to="jppfs_cor_ProfitAndLossOnBuyingAndSellingOfSecuritiesAndOtherOIFND" xlink:arcrole="http://www.xbrl.org/2003/arcrole/summation-item" order="3" weight="1" />
  </link:calculationLink>
  <link:calculationLink xlink:type="extended" xlink:role="http://disclosure.edinet-fsa.go.jp/role/jppfs/rol_BalanceSheet">
    <link:loc xlink:type="locator" xlink:href="http://disclosure.edinet-fsa.go.jp/taxonomy/jppfs/2024-11-01/jppfs_cor_2024-11-01.xsd#jppfs_cor_AccountsReceivableOther" xlink:label="jppfs_cor_AccountsReceivableOther" />
    <link:loc xlink:type="locator" xlink:href="http://disclosure.edinet-fsa.go.jp/taxonomy/jppfs/2024-11-01/jppfs_cor_2024-11-01.xsd#jppfs_cor_AccruedInterest" xlink:label="jppfs_cor_AccruedInterest" />
    <link:loc xlink:type="locator" xlink:href="http://disclosure.edinet-fsa.go.jp/taxonomy/jppfs/2024-11-01/jppfs_cor_2024-11-01.xsd#jppfs_cor_Assets" xlink:label="jppfs_cor_Assets" />
    <link:loc xlink:type="locator" xlink:href="http://disclosure.edinet-fsa.go.jp/taxonomy/jppfs/2024-11-01/jppfs_cor_2024-11-01.xsd#jppfs_cor_CallLoansCAFND" xlink:label="jppfs_cor_CallLoansCAFND" />
    <link:loc xlink:type="locator" xlink:href="http://disclosure.edinet-fsa.go.jp/taxonomy/jppfs/2024-11-01/jppfs_cor_2024-11-01.xsd#jppfs_cor_CurrentAssets" xlink:label="jppfs_cor_CurrentAssets" />
    <link:loc xlink:type="locator" xlink:href="http://disclosure.edinet-fsa.go.jp/taxonomy/jppfs/2024-11-01/jppfs_cor_2024-11-01.xsd#jppfs_cor_CurrentLiabilities" xlink:label="jppfs_cor_CurrentLiabilities" />
    <link:loc xlink:type="locator" xlink:href="http://disclosure.edinet-fsa.go.jp/taxonomy/jppfs/2024-11-01/jppfs_cor_2024-11-01.xsd#jppfs_cor_InvestmentTrustManagementFeePayableCLFND" xlink:label="jppfs_cor_InvestmentTrustManagementFeePayableCLFND" />
    <link:loc xlink:type="locator" xlink:href="http://disclosure.edinet-fsa.go.jp/taxonomy/jppfs/2024-11-01/jppfs_cor_2024-11-01.xsd#jppfs_cor_Liabilities" xlink:label="jppfs_cor_Liabilities" />
    <link:loc xlink:type="locator" xlink:href="http://disclosure.edinet-fsa.go.jp/taxonomy/jppfs/2024-11-01/jppfs_cor_2024-11-01.xsd#jppfs_cor_NetAssets" xlink:label="jppfs_cor_NetAssets" />
    <link:loc xlink:type="locator" xlink:href="http://disclosure.edinet-fsa.go.jp/taxonomy/jppfs/2024-11-01/jppfs_cor_2024-11-01.xsd#jppfs_cor_OtherAccruedExpensesCLFND" xlink:label="jppfs_cor_OtherAccruedExpensesCLFND" />
    <link:loc xlink:type="locator" xlink:href="http://disclosure.edinet-fsa.go.jp/taxonomy/jppfs/2024-11-01/jppfs_cor_2024-11-01.xsd#jppfs_cor_ParentsTrustBeneficiarySecuritiesCAFND" xlink:label="jppfs_cor_ParentsTrustBeneficiarySecuritiesCAFND" />
    <link:loc xlink:type="locator" xlink:href="http://disclosure.edinet-fsa.go.jp/taxonomy/jppfs/2024-11-01/jppfs_cor_2024-11-01.xsd#jppfs_cor_PrincipalAndOtherFND" xlink:label="jppfs_cor_PrincipalAndOtherFND" />
    <link:loc xlink:type="locator" xlink:href="http://disclosure.edinet-fsa.go.jp/taxonomy/jppfs/2024-11-01/jppfs_cor_2024-11-01.xsd#jppfs_cor_PrincipalFND" xlink:label="jppfs_cor_PrincipalFND" />
    <link:loc xlink:type="locator" xlink:href="http://disclosure.edinet-fsa.go.jp/taxonomy/jppfs/2024-11-01/jppfs_cor_2024-11-01.xsd#jppfs_cor_RedemptionPayableCLFND" xlink:label="jppfs_cor_RedemptionPayableCLFND" />
    <link:loc xlink:type="locator" xlink:href="http://disclosure.edinet-fsa.go.jp/taxonomy/jppfs/2024-11-01/jppfs_cor_2024-11-01.xsd#jppfs_cor_SecurityInvestmentTrustBeneficiarySecuritiesCAFND" xlink:label="jppfs_cor_SecurityInvestmentTrustBeneficiarySecuritiesCAFND" />
    <link:loc xlink:type="locator" xlink:href="http://disclosure.edinet-fsa.go.jp/taxonomy/jppfs/2024-11-01/jppfs_cor_2024-11-01.xsd#jppfs_cor_SurplusDeficitFND" xlink:label="jppfs_cor_SurplusDeficitFND" />
    <link:loc xlink:type="locator" xlink:href="http://disclosure.edinet-fsa.go.jp/taxonomy/jppfs/2024-11-01/jppfs_cor_2024-11-01.xsd#jppfs_cor_TrusteeFeePayableCLFND" xlink:label="jppfs_cor_TrusteeFeePayableCLFND" />
    <link:loc xlink:type="locator" xlink:href="http://disclosure.edinet-fsa.go.jp/taxonomy/jppfs/2024-11-01/jppfs_cor_2024-11-01.xsd#jppfs_cor_UnpaidDividendsCLFND" xlink:label="jppfs_cor_UnpaidDividendsCLFND" />
    <link:calculationArc xlink:type="arc" xlink:from="jppfs_cor_Assets" xlink:to="jppfs_cor_CurrentAssets" xlink:arcrole="http://www.xbrl.org/2003/arcrole/summation-item" order="1" weight="1" />
    <link:calculationArc xlink:type="arc" xlink:from="jppfs_cor_CurrentAssets" xlink:to="jppfs_cor_CallLoansCAFND" xlink:arcrole="http://www.xbrl.org/2003/arcrole/summation-item" order="1" weight="1" />
    <link:calculationArc xlink:type="arc" xlink:from="jppfs_cor_CurrentAssets" xlink:to="jppfs_cor_SecurityInvestmentTrustBeneficiarySecuritiesCAFND" xlink:arcrole="http://www.xbrl.org/2003/arcrole/summation-item" order="2" weight="1" />
    <link:calculationArc xlink:type="arc" xlink:from="jppfs_cor_CurrentAssets" xlink:to="jppfs_cor_ParentsTrustBeneficiarySecuritiesCAFND" xlink:arcrole="http://www.xbrl.org/2003/arcrole/summation-item" order="3" weight="1" />
    <link:calculationArc xlink:type="arc" xlink:from="jppfs_cor_CurrentAssets" xlink:to="jppfs_cor_AccountsReceivableOther" xlink:arcrole="http://www.xbrl.org/2003/arcrole/summation-item" order="4" weight="1" />
    <link:calculationArc xlink:type="arc" xlink:from="jppfs_cor_CurrentAssets" xlink:to="jppfs_cor_AccruedInterest" xlink:arcrole="http://www.xbrl.org/2003/arcrole/summation-item" order="5" weight="1" />
    <link:calculationArc xlink:type="arc" xlink:from="jppfs_cor_Liabilities" xlink:to="jppfs_cor_CurrentLiabilities" xlink:arcrole="http://www.xbrl.org/2003/arcrole/summation-item" order="1" weight="1" />
    <link:calculationArc xlink:type="arc" xlink:from="jppfs_cor_CurrentLiabilities" xlink:to="jppfs_cor_UnpaidDividendsCLFND" xlink:arcrole="http://www.xbrl.org/2003/arcrole/summation-item" order="1" weight="1" />
    <link:calculationArc xlink:type="arc" xlink:from="jppfs_cor_CurrentLiabilities" xlink:to="jppfs_cor_RedemptionPayableCLFND" xlink:arcrole="http://www.xbrl.org/2003/arcrole/summation-item" order="2" weight="1" />
    <link:calculationArc xlink:type="arc" xlink:from="jppfs_cor_CurrentLiabilities" xlink:to="jppfs_cor_TrusteeFeePayableCLFND" xlink:arcrole="http://www.xbrl.org/2003/arcrole/summation-item" order="3" weight="1" />
    <link:calculationArc xlink:type="arc" xlink:from="jppfs_cor_CurrentLiabilities" xlink:to="jppfs_cor_InvestmentTrustManagementFeePayableCLFND" xlink:arcrole="http://www.xbrl.org/2003/arcrole/summation-item" order="4" weight="1" />
    <link:calculationArc xlink:type="arc" xlink:from="jppfs_cor_CurrentLiabilities" xlink:to="jppfs_cor_OtherAccruedExpensesCLFND" xlink:arcrole="http://www.xbrl.org/2003/arcrole/summation-item" order="5" weight="1" />
    <link:calculationArc xlink:type="arc" xlink:from="jppfs_cor_NetAssets" xlink:to="jppfs_cor_PrincipalAndOtherFND" xlink:arcrole="http://www.xbrl.org/2003/arcrole/summation-item" order="1" weight="1" />
    <link:calculationArc xlink:type="arc" xlink:from="jppfs_cor_PrincipalAndOtherFND" xlink:to="jppfs_cor_PrincipalFND" xlink:arcrole="http://www.xbrl.org/2003/arcrole/summation-item" order="1" weight="1" />
    <link:calculationArc xlink:type="arc" xlink:from="jppfs_cor_PrincipalAndOtherFND" xlink:to="jppfs_cor_SurplusDeficitFND" xlink:arcrole="http://www.xbrl.org/2003/arcrole/summation-item" order="2" weight="1" />
  </link:calculationLink>
</link:linkbase>