﻿<?xml version="1.0" encoding="utf-8"?>
<!-- Edited with FutureStage XBRL Solution Library .NET 01-11 -->
<link:linkbase xmlns:xlink="http://www.w3.org/1999/xlink" xmlns:xsi="http://www.w3.org/2001/XMLSchema-instance" xmlns:link="http://www.xbrl.org/2003/linkbase">
  <link:labelLink xlink:type="extended" xlink:role="http://www.xbrl.org/2003/role/link">
    <link:label xml:lang="ja" xlink:type="resource" xlink:label="jpsps070000-asr_G11665-004_SupplementaryReferenceInformationAboutMotherFundFinancialStatementsHeading_label" xlink:role="http://www.xbrl.org/2003/role/label">（参考）マザーファンド（財務諸表）</link:label>
    <link:label xml:lang="ja" xlink:type="resource" xlink:label="jpsps070000-asr_G11665-004_SupplementaryReferenceInformationAboutMotherFundFinancialStatementsHeading_label_1" xlink:role="http://www.xbrl.org/2003/role/verboseLabel">（参考）マザーファンド、財務諸表 [目次項目]</link:label>
    <link:label xml:lang="ja" xlink:type="resource" xlink:label="jpsps070000-asr_G11665-004_SupplementaryReferenceInformationAboutMotherFundFinancialStatementsTextBlock_label" xlink:role="http://www.xbrl.org/2003/role/label">（参考）マザーファンド（財務諸表）</link:label>
    <link:label xml:lang="ja" xlink:type="resource" xlink:label="jpsps070000-asr_G11665-004_SupplementaryReferenceInformationAboutMotherFundFinancialStatementsTextBlock_label_1" xlink:role="http://www.xbrl.org/2003/role/verboseLabel">（参考）マザーファンド、財務諸表 [テキストブロック]</link:label>
    <link:loc xlink:type="locator" xlink:href="jpsps070000-asr-001_G11665-004_2025-04-16_01_2025-07-11.xsd#jpsps070000-asr_G11665-004_SupplementaryReferenceInformationAboutMotherFundFinancialStatementsHeading" xlink:label="jpsps070000-asr_G11665-004_SupplementaryReferenceInformationAboutMotherFundFinancialStatementsHeading" />
    <link:loc xlink:type="locator" xlink:href="jpsps070000-asr-001_G11665-004_2025-04-16_01_2025-07-11.xsd#jpsps070000-asr_G11665-004_SupplementaryReferenceInformationAboutMotherFundFinancialStatementsTextBlock" xlink:label="jpsps070000-asr_G11665-004_SupplementaryReferenceInformationAboutMotherFundFinancialStatementsTextBlock" />
    <link:labelArc xlink:type="arc" xlink:from="jpsps070000-asr_G11665-004_SupplementaryReferenceInformationAboutMotherFundFinancialStatementsHeading" xlink:to="jpsps070000-asr_G11665-004_SupplementaryReferenceInformationAboutMotherFundFinancialStatementsHeading_label" xlink:arcrole="http://www.xbrl.org/2003/arcrole/concept-label" order="1" />
    <link:labelArc xlink:type="arc" xlink:from="jpsps070000-asr_G11665-004_SupplementaryReferenceInformationAboutMotherFundFinancialStatementsHeading" xlink:to="jpsps070000-asr_G11665-004_SupplementaryReferenceInformationAboutMotherFundFinancialStatementsHeading_label_1" xlink:arcrole="http://www.xbrl.org/2003/arcrole/concept-label" order="1" />
    <link:labelArc xlink:type="arc" xlink:from="jpsps070000-asr_G11665-004_SupplementaryReferenceInformationAboutMotherFundFinancialStatementsTextBlock" xlink:to="jpsps070000-asr_G11665-004_SupplementaryReferenceInformationAboutMotherFundFinancialStatementsTextBlock_label" xlink:arcrole="http://www.xbrl.org/2003/arcrole/concept-label" order="1" />
    <link:labelArc xlink:type="arc" xlink:from="jpsps070000-asr_G11665-004_SupplementaryReferenceInformationAboutMotherFundFinancialStatementsTextBlock" xlink:to="jpsps070000-asr_G11665-004_SupplementaryReferenceInformationAboutMotherFundFinancialStatementsTextBlock_label_1" xlink:arcrole="http://www.xbrl.org/2003/arcrole/concept-label" order="1" />
  </link:labelLink>
</link:linkbase>