<?xml version="1.0" encoding="utf-8"?>
<!-- Edited with FutureStage XBRL Solution Library .NET 01-11 -->
<link:linkbase xmlns:xlink="http://www.w3.org/1999/xlink" xmlns:xsi="http://www.w3.org/2001/XMLSchema-instance" xmlns:link="http://www.xbrl.org/2003/linkbase">
  <link:roleRef xlink:type="simple" xlink:href="http://disclosure.edinet-fsa.go.jp/taxonomy/jpsps/2024-11-01/jpsps_rt_2024-11-01.xsd#rol_CabinetOfficeOrdinanceOnDisclosureOfInformationEtcOnSpecifiedSecuritiesFormNo7AnnualSecuritiesReport" roleURI="http://disclosure.edinet-fsa.go.jp/role/jpsps/rol_CabinetOfficeOrdinanceOnDisclosureOfInformationEtcOnSpecifiedSecuritiesFormNo7AnnualSecuritiesReport" />
  <link:roleRef xlink:type="simple" xlink:href="http://disclosure.edinet-fsa.go.jp/taxonomy/jpsps/2024-11-01/jpsps_rt_2024-11-01.xsd#rol_CoverPage" roleURI="http://disclosure.edinet-fsa.go.jp/role/jpsps/rol_CoverPage" />
  <link:presentationLink xlink:type="extended" xlink:role="http://disclosure.edinet-fsa.go.jp/role/jpsps/rol_CoverPage">
    <link:loc xlink:type="locator" xlink:href="http://disclosure.edinet-fsa.go.jp/taxonomy/jpsps/2024-11-01/jpsps_cor_2024-11-01.xsd#jpsps_cor_AccountingPeriodCoverPage" xlink:label="jpsps_cor_AccountingPeriodCoverPage" />
    <link:loc xlink:type="locator" xlink:href="http://disclosure.edinet-fsa.go.jp/taxonomy/jpsps/2024-11-01/jpsps_cor_2024-11-01.xsd#jpsps_cor_AddressOfRegisteredHeadquarterCoverPage" xlink:label="jpsps_cor_AddressOfRegisteredHeadquarterCoverPage" />
    <link:loc xlink:type="locator" xlink:href="http://disclosure.edinet-fsa.go.jp/taxonomy/jpsps/2024-11-01/jpsps_cor_2024-11-01.xsd#jpsps_cor_CoverPageHeading" xlink:label="jpsps_cor_CoverPageHeading" />
    <link:loc xlink:type="locator" xlink:href="http://disclosure.edinet-fsa.go.jp/taxonomy/jpsps/2024-11-01/jpsps_cor_2024-11-01.xsd#jpsps_cor_DocumentTitleCoverPage" xlink:label="jpsps_cor_DocumentTitleCoverPage" />
    <link:loc xlink:type="locator" xlink:href="http://disclosure.edinet-fsa.go.jp/taxonomy/jpsps/2024-11-01/jpsps_cor_2024-11-01.xsd#jpsps_cor_FilingDateCoverPage" xlink:label="jpsps_cor_FilingDateCoverPage" />
    <link:loc xlink:type="locator" xlink:href="http://disclosure.edinet-fsa.go.jp/taxonomy/jpsps/2024-11-01/jpsps_cor_2024-11-01.xsd#jpsps_cor_FundNameCoverPage" xlink:label="jpsps_cor_FundNameCoverPage" />
    <link:loc xlink:type="locator" xlink:href="http://disclosure.edinet-fsa.go.jp/taxonomy/jpsps/2024-11-01/jpsps_cor_2024-11-01.xsd#jpsps_cor_IssuerNameCoverPage" xlink:label="jpsps_cor_IssuerNameCoverPage" />
    <link:loc xlink:type="locator" xlink:href="http://disclosure.edinet-fsa.go.jp/taxonomy/jpsps/2024-11-01/jpsps_cor_2024-11-01.xsd#jpsps_cor_NameOfContactPersonCoverPage" xlink:label="jpsps_cor_NameOfContactPersonCoverPage" />
    <link:loc xlink:type="locator" xlink:href="http://disclosure.edinet-fsa.go.jp/taxonomy/jpsps/2024-11-01/jpsps_cor_2024-11-01.xsd#jpsps_cor_PlaceForPublicInspectionCoverPageTextBlock" xlink:label="jpsps_cor_PlaceForPublicInspectionCoverPageTextBlock" />
    <link:loc xlink:type="locator" xlink:href="http://disclosure.edinet-fsa.go.jp/taxonomy/jpsps/2024-11-01/jpsps_cor_2024-11-01.xsd#jpsps_cor_PlaceOfContactCoverPage" xlink:label="jpsps_cor_PlaceOfContactCoverPage" />
    <link:loc xlink:type="locator" xlink:href="http://disclosure.edinet-fsa.go.jp/taxonomy/jpsps/2024-11-01/jpsps_cor_2024-11-01.xsd#jpsps_cor_PlaceOfFilingCoverPage" xlink:label="jpsps_cor_PlaceOfFilingCoverPage" />
    <link:loc xlink:type="locator" xlink:href="http://disclosure.edinet-fsa.go.jp/taxonomy/jpsps/2024-11-01/jpsps_cor_2024-11-01.xsd#jpsps_cor_TelephoneNumberCoverPage" xlink:label="jpsps_cor_TelephoneNumberCoverPage" />
    <link:loc xlink:type="locator" xlink:href="http://disclosure.edinet-fsa.go.jp/taxonomy/jpsps/2024-11-01/jpsps_cor_2024-11-01.xsd#jpsps_cor_TitleAndNameOfRepresentativeCoverPage" xlink:label="jpsps_cor_TitleAndNameOfRepresentativeCoverPage" />
    <link:presentationArc xlink:type="arc" xlink:from="jpsps_cor_CoverPageHeading" xlink:to="jpsps_cor_DocumentTitleCoverPage" xlink:arcrole="http://www.xbrl.org/2003/arcrole/parent-child" order="1" />
    <link:presentationArc xlink:type="arc" xlink:from="jpsps_cor_CoverPageHeading" xlink:to="jpsps_cor_PlaceOfFilingCoverPage" xlink:arcrole="http://www.xbrl.org/2003/arcrole/parent-child" order="2" />
    <link:presentationArc xlink:type="arc" xlink:from="jpsps_cor_CoverPageHeading" xlink:to="jpsps_cor_FilingDateCoverPage" xlink:arcrole="http://www.xbrl.org/2003/arcrole/parent-child" order="3" />
    <link:presentationArc xlink:type="arc" xlink:from="jpsps_cor_CoverPageHeading" xlink:to="jpsps_cor_AccountingPeriodCoverPage" xlink:arcrole="http://www.xbrl.org/2003/arcrole/parent-child" order="4" />
    <link:presentationArc xlink:type="arc" xlink:from="jpsps_cor_CoverPageHeading" xlink:to="jpsps_cor_FundNameCoverPage" xlink:arcrole="http://www.xbrl.org/2003/arcrole/parent-child" order="5" />
    <link:presentationArc xlink:type="arc" xlink:from="jpsps_cor_CoverPageHeading" xlink:to="jpsps_cor_IssuerNameCoverPage" xlink:arcrole="http://www.xbrl.org/2003/arcrole/parent-child" order="6" />
    <link:presentationArc xlink:type="arc" xlink:from="jpsps_cor_CoverPageHeading" xlink:to="jpsps_cor_TitleAndNameOfRepresentativeCoverPage" xlink:arcrole="http://www.xbrl.org/2003/arcrole/parent-child" order="7" />
    <link:presentationArc xlink:type="arc" xlink:from="jpsps_cor_CoverPageHeading" xlink:to="jpsps_cor_AddressOfRegisteredHeadquarterCoverPage" xlink:arcrole="http://www.xbrl.org/2003/arcrole/parent-child" order="8" />
    <link:presentationArc xlink:type="arc" xlink:from="jpsps_cor_CoverPageHeading" xlink:to="jpsps_cor_PlaceOfContactCoverPage" xlink:arcrole="http://www.xbrl.org/2003/arcrole/parent-child" order="9" />
    <link:presentationArc xlink:type="arc" xlink:from="jpsps_cor_CoverPageHeading" xlink:to="jpsps_cor_TelephoneNumberCoverPage" xlink:arcrole="http://www.xbrl.org/2003/arcrole/parent-child" order="10" />
    <link:presentationArc xlink:type="arc" xlink:from="jpsps_cor_CoverPageHeading" xlink:to="jpsps_cor_NameOfContactPersonCoverPage" xlink:arcrole="http://www.xbrl.org/2003/arcrole/parent-child" order="11" />
    <link:presentationArc xlink:type="arc" xlink:from="jpsps_cor_CoverPageHeading" xlink:to="jpsps_cor_PlaceForPublicInspectionCoverPageTextBlock" xlink:arcrole="http://www.xbrl.org/2003/arcrole/parent-child" order="12" />
  </link:presentationLink>
  <link:presentationLink xlink:type="extended" xlink:role="http://disclosure.edinet-fsa.go.jp/role/jpsps/rol_CabinetOfficeOrdinanceOnDisclosureOfInformationEtcOnSpecifiedSecuritiesFormNo7AnnualSecuritiesReport">
    <link:loc xlink:type="locator" xlink:href="http://disclosure.edinet-fsa.go.jp/taxonomy/jpsps/2024-11-01/jpsps_cor_2024-11-01.xsd#jpsps_cor_AccountingPeriodHeading" xlink:label="jpsps_cor_AccountingPeriodHeading" />
    <link:loc xlink:type="locator" xlink:href="http://disclosure.edinet-fsa.go.jp/taxonomy/jpsps/2024-11-01/jpsps_cor_2024-11-01.xsd#jpsps_cor_AccountingPeriodTextBlock" xlink:label="jpsps_cor_AccountingPeriodTextBlock" />
    <link:loc xlink:type="locator" xlink:href="http://disclosure.edinet-fsa.go.jp/taxonomy/jpsps/2024-11-01/jpsps_cor_2024-11-01.xsd#jpsps_cor_ActualPerformanceHeading" xlink:label="jpsps_cor_ActualPerformanceHeading" />
    <link:loc xlink:type="locator" xlink:href="http://disclosure.edinet-fsa.go.jp/taxonomy/jpsps/2024-11-01/jpsps_cor_2024-11-01.xsd#jpsps_cor_AdministrationAndOperationHeading" xlink:label="jpsps_cor_AdministrationAndOperationHeading" />
    <link:loc xlink:type="locator" xlink:href="http://disclosure.edinet-fsa.go.jp/taxonomy/jpsps/2024-11-01/jpsps_cor_2024-11-01.xsd#jpsps_cor_ApplicationFeeOverviewOfFundHeading" xlink:label="jpsps_cor_ApplicationFeeOverviewOfFundHeading" />
    <link:loc xlink:type="locator" xlink:href="http://disclosure.edinet-fsa.go.jp/taxonomy/jpsps/2024-11-01/jpsps_cor_2024-11-01.xsd#jpsps_cor_ApplicationFeeOverviewOfFundTextBlock" xlink:label="jpsps_cor_ApplicationFeeOverviewOfFundTextBlock" />
    <link:loc xlink:type="locator" xlink:href="http://disclosure.edinet-fsa.go.jp/taxonomy/jpsps/2024-11-01/jpsps_cor_2024-11-01.xsd#jpsps_cor_BalanceSheetFinancialInformationOfInvestmentTrustManagementCompanyEtcHeading" xlink:label="jpsps_cor_BalanceSheetFinancialInformationOfInvestmentTrustManagementCompanyEtcHeading" />
    <link:loc xlink:type="locator" xlink:href="http://disclosure.edinet-fsa.go.jp/taxonomy/jpsps/2024-11-01/jpsps_cor_2024-11-01.xsd#jpsps_cor_BalanceSheetFinancialInformationOfInvestmentTrustManagementCompanyEtcTextBlock" xlink:label="jpsps_cor_BalanceSheetFinancialInformationOfInvestmentTrustManagementCompanyEtcTextBlock" />
    <link:loc xlink:type="locator" xlink:href="http://disclosure.edinet-fsa.go.jp/taxonomy/jpsps/2024-11-01/jpsps_cor_2024-11-01.xsd#jpsps_cor_CabinetOfficeOrdinanceOnDisclosureOfInformationEtcOnSpecifiedSecuritiesFormNo7AnnualSecuritiesReportHeading" xlink:label="jpsps_cor_CabinetOfficeOrdinanceOnDisclosureOfInformationEtcOnSpecifiedSecuritiesFormNo7AnnualSecuritiesReportHeading" />
    <link:loc xlink:type="locator" xlink:href="http://disclosure.edinet-fsa.go.jp/taxonomy/jpsps/2024-11-01/jpsps_cor_2024-11-01.xsd#jpsps_cor_CalculationOfNetAssetsHeading" xlink:label="jpsps_cor_CalculationOfNetAssetsHeading" />
    <link:loc xlink:type="locator" xlink:href="http://disclosure.edinet-fsa.go.jp/taxonomy/jpsps/2024-11-01/jpsps_cor_2024-11-01.xsd#jpsps_cor_CalculationOfNetAssetsTextBlock" xlink:label="jpsps_cor_CalculationOfNetAssetsTextBlock" />
    <link:loc xlink:type="locator" xlink:href="http://disclosure.edinet-fsa.go.jp/taxonomy/jpsps/2024-11-01/jpsps_cor_2024-11-01.xsd#jpsps_cor_ChangesInNetAssetsHeading" xlink:label="jpsps_cor_ChangesInNetAssetsHeading" />
    <link:loc xlink:type="locator" xlink:href="http://disclosure.edinet-fsa.go.jp/taxonomy/jpsps/2024-11-01/jpsps_cor_2024-11-01.xsd#jpsps_cor_ChangesInNetAssetsTextBlock" xlink:label="jpsps_cor_ChangesInNetAssetsTextBlock" />
    <link:loc xlink:type="locator" xlink:href="http://disclosure.edinet-fsa.go.jp/taxonomy/jpsps/2024-11-01/jpsps_cor_2024-11-01.xsd#jpsps_cor_ComponentsOfRealEstateInvestmentsHeading" xlink:label="jpsps_cor_ComponentsOfRealEstateInvestmentsHeading" />
    <link:loc xlink:type="locator" xlink:href="http://disclosure.edinet-fsa.go.jp/taxonomy/jpsps/2024-11-01/jpsps_cor_2024-11-01.xsd#jpsps_cor_ComponentsOfRealEstateInvestmentsTextBlock" xlink:label="jpsps_cor_ComponentsOfRealEstateInvestmentsTextBlock" />
    <link:loc xlink:type="locator" xlink:href="http://disclosure.edinet-fsa.go.jp/taxonomy/jpsps/2024-11-01/jpsps_cor_2024-11-01.xsd#jpsps_cor_CoverPageHeading" xlink:label="jpsps_cor_CoverPageHeading" />
    <link:loc xlink:type="locator" xlink:href="http://disclosure.edinet-fsa.go.jp/taxonomy/jpsps/2024-11-01/jpsps_cor_2024-11-01.xsd#jpsps_cor_CurrentStatusOfFundHeading" xlink:label="jpsps_cor_CurrentStatusOfFundHeading" />
    <link:loc xlink:type="locator" xlink:href="http://disclosure.edinet-fsa.go.jp/taxonomy/jpsps/2024-11-01/jpsps_cor_2024-11-01.xsd#jpsps_cor_CustodyHeading" xlink:label="jpsps_cor_CustodyHeading" />
    <link:loc xlink:type="locator" xlink:href="http://disclosure.edinet-fsa.go.jp/taxonomy/jpsps/2024-11-01/jpsps_cor_2024-11-01.xsd#jpsps_cor_CustodyTextBlock" xlink:label="jpsps_cor_CustodyTextBlock" />
    <link:loc xlink:type="locator" xlink:href="http://disclosure.edinet-fsa.go.jp/taxonomy/jpsps/2024-11-01/jpsps_cor_2024-11-01.xsd#jpsps_cor_DescriptionOfBusinessAndOverviewOfOperationOverviewOfInvestmentTrustManagementCompanyEtcHeading" xlink:label="jpsps_cor_DescriptionOfBusinessAndOverviewOfOperationOverviewOfInvestmentTrustManagementCompanyEtcHeading" />
    <link:loc xlink:type="locator" xlink:href="http://disclosure.edinet-fsa.go.jp/taxonomy/jpsps/2024-11-01/jpsps_cor_2024-11-01.xsd#jpsps_cor_DescriptionOfBusinessAndOverviewOfOperationOverviewOfInvestmentTrustManagementCompanyEtcTextBlock" xlink:label="jpsps_cor_DescriptionOfBusinessAndOverviewOfOperationOverviewOfInvestmentTrustManagementCompanyEtcTextBlock" />
    <link:loc xlink:type="locator" xlink:href="http://disclosure.edinet-fsa.go.jp/taxonomy/jpsps/2024-11-01/jpsps_cor_2024-11-01.xsd#jpsps_cor_FeaturesOfFundHeading" xlink:label="jpsps_cor_FeaturesOfFundHeading" />
    <link:loc xlink:type="locator" xlink:href="http://disclosure.edinet-fsa.go.jp/taxonomy/jpsps/2024-11-01/jpsps_cor_2024-11-01.xsd#jpsps_cor_FeesChargesAndTaxesHeading" xlink:label="jpsps_cor_FeesChargesAndTaxesHeading" />
    <link:loc xlink:type="locator" xlink:href="http://disclosure.edinet-fsa.go.jp/taxonomy/jpsps/2024-11-01/jpsps_cor_2024-11-01.xsd#jpsps_cor_FinancialInformationOfFundHeading" xlink:label="jpsps_cor_FinancialInformationOfFundHeading" />
    <link:loc xlink:type="locator" xlink:href="http://disclosure.edinet-fsa.go.jp/taxonomy/jpsps/2024-11-01/jpsps_cor_2024-11-01.xsd#jpsps_cor_FinancialInformationOfFundTextBlock" xlink:label="jpsps_cor_FinancialInformationOfFundTextBlock" />
    <link:loc xlink:type="locator" xlink:href="http://disclosure.edinet-fsa.go.jp/taxonomy/jpsps/2024-11-01/jpsps_cor_2024-11-01.xsd#jpsps_cor_FinancialInformationOfInvestmentTrustManagementCompanyEtcHeading" xlink:label="jpsps_cor_FinancialInformationOfInvestmentTrustManagementCompanyEtcHeading" />
    <link:loc xlink:type="locator" xlink:href="http://disclosure.edinet-fsa.go.jp/taxonomy/jpsps/2024-11-01/jpsps_cor_2024-11-01.xsd#jpsps_cor_FinancialInformationOfInvestmentTrustManagementCompanyEtcTextBlock" xlink:label="jpsps_cor_FinancialInformationOfInvestmentTrustManagementCompanyEtcTextBlock" />
    <link:loc xlink:type="locator" xlink:href="http://disclosure.edinet-fsa.go.jp/taxonomy/jpsps/2024-11-01/jpsps_cor_2024-11-01.xsd#jpsps_cor_FinancialStatementsHeading" xlink:label="jpsps_cor_FinancialStatementsHeading" />
    <link:loc xlink:type="locator" xlink:href="http://disclosure.edinet-fsa.go.jp/taxonomy/jpsps/2024-11-01/jpsps_cor_2024-11-01.xsd#jpsps_cor_FundHistoryHeading" xlink:label="jpsps_cor_FundHistoryHeading" />
    <link:loc xlink:type="locator" xlink:href="http://disclosure.edinet-fsa.go.jp/taxonomy/jpsps/2024-11-01/jpsps_cor_2024-11-01.xsd#jpsps_cor_FundHistoryTextBlock" xlink:label="jpsps_cor_FundHistoryTextBlock" />
    <link:loc xlink:type="locator" xlink:href="http://disclosure.edinet-fsa.go.jp/taxonomy/jpsps/2024-11-01/jpsps_cor_2024-11-01.xsd#jpsps_cor_FundInformationHeading" xlink:label="jpsps_cor_FundInformationHeading" />
    <link:loc xlink:type="locator" xlink:href="http://disclosure.edinet-fsa.go.jp/taxonomy/jpsps/2024-11-01/jpsps_cor_2024-11-01.xsd#jpsps_cor_FundSchemeHeading" xlink:label="jpsps_cor_FundSchemeHeading" />
    <link:loc xlink:type="locator" xlink:href="http://disclosure.edinet-fsa.go.jp/taxonomy/jpsps/2024-11-01/jpsps_cor_2024-11-01.xsd#jpsps_cor_FundSchemeTextBlock" xlink:label="jpsps_cor_FundSchemeTextBlock" />
    <link:loc xlink:type="locator" xlink:href="http://disclosure.edinet-fsa.go.jp/taxonomy/jpsps/2024-11-01/jpsps_cor_2024-11-01.xsd#jpsps_cor_HistoricalRecordsOfInceptionsAndCancellationsHeading" xlink:label="jpsps_cor_HistoricalRecordsOfInceptionsAndCancellationsHeading" />
    <link:loc xlink:type="locator" xlink:href="http://disclosure.edinet-fsa.go.jp/taxonomy/jpsps/2024-11-01/jpsps_cor_2024-11-01.xsd#jpsps_cor_HistoricalRecordsOfInceptionsAndCancellationsTextBlock" xlink:label="jpsps_cor_HistoricalRecordsOfInceptionsAndCancellationsTextBlock" />
    <link:loc xlink:type="locator" xlink:href="http://disclosure.edinet-fsa.go.jp/taxonomy/jpsps/2024-11-01/jpsps_cor_2024-11-01.xsd#jpsps_cor_HistoricalRecordsOfProfitDistributionHeading" xlink:label="jpsps_cor_HistoricalRecordsOfProfitDistributionHeading" />
    <link:loc xlink:type="locator" xlink:href="http://disclosure.edinet-fsa.go.jp/taxonomy/jpsps/2024-11-01/jpsps_cor_2024-11-01.xsd#jpsps_cor_HistoricalRecordsOfProfitDistributionTextBlock" xlink:label="jpsps_cor_HistoricalRecordsOfProfitDistributionTextBlock" />
    <link:loc xlink:type="locator" xlink:href="http://disclosure.edinet-fsa.go.jp/taxonomy/jpsps/2024-11-01/jpsps_cor_2024-11-01.xsd#jpsps_cor_HistoricalRecordsOfReturnRatioHeading" xlink:label="jpsps_cor_HistoricalRecordsOfReturnRatioHeading" />
    <link:loc xlink:type="locator" xlink:href="http://disclosure.edinet-fsa.go.jp/taxonomy/jpsps/2024-11-01/jpsps_cor_2024-11-01.xsd#jpsps_cor_HistoricalRecordsOfReturnRatioTextBlock" xlink:label="jpsps_cor_HistoricalRecordsOfReturnRatioTextBlock" />
    <link:loc xlink:type="locator" xlink:href="http://disclosure.edinet-fsa.go.jp/taxonomy/jpsps/2024-11-01/jpsps_cor_2024-11-01.xsd#jpsps_cor_InformationAboutInvestmentTrustManagementCompanyEtcHeading" xlink:label="jpsps_cor_InformationAboutInvestmentTrustManagementCompanyEtcHeading" />
    <link:loc xlink:type="locator" xlink:href="http://disclosure.edinet-fsa.go.jp/taxonomy/jpsps/2024-11-01/jpsps_cor_2024-11-01.xsd#jpsps_cor_InvestmentAssetsHeading" xlink:label="jpsps_cor_InvestmentAssetsHeading" />
    <link:loc xlink:type="locator" xlink:href="http://disclosure.edinet-fsa.go.jp/taxonomy/jpsps/2024-11-01/jpsps_cor_2024-11-01.xsd#jpsps_cor_InvestmentPolicyHeading" xlink:label="jpsps_cor_InvestmentPolicyHeading" />
    <link:loc xlink:type="locator" xlink:href="http://disclosure.edinet-fsa.go.jp/taxonomy/jpsps/2024-11-01/jpsps_cor_2024-11-01.xsd#jpsps_cor_InvestmentPolicyOverviewOfFundHeading" xlink:label="jpsps_cor_InvestmentPolicyOverviewOfFundHeading" />
    <link:loc xlink:type="locator" xlink:href="http://disclosure.edinet-fsa.go.jp/taxonomy/jpsps/2024-11-01/jpsps_cor_2024-11-01.xsd#jpsps_cor_InvestmentPolicyTextBlock" xlink:label="jpsps_cor_InvestmentPolicyTextBlock" />
    <link:loc xlink:type="locator" xlink:href="http://disclosure.edinet-fsa.go.jp/taxonomy/jpsps/2024-11-01/jpsps_cor_2024-11-01.xsd#jpsps_cor_InvestmentRisksHeading" xlink:label="jpsps_cor_InvestmentRisksHeading" />
    <link:loc xlink:type="locator" xlink:href="http://disclosure.edinet-fsa.go.jp/taxonomy/jpsps/2024-11-01/jpsps_cor_2024-11-01.xsd#jpsps_cor_InvestmentRisksTextBlock" xlink:label="jpsps_cor_InvestmentRisksTextBlock" />
    <link:loc xlink:type="locator" xlink:href="http://disclosure.edinet-fsa.go.jp/taxonomy/jpsps/2024-11-01/jpsps_cor_2024-11-01.xsd#jpsps_cor_MajorComponentsOfInvestmentSecuritiesHeading" xlink:label="jpsps_cor_MajorComponentsOfInvestmentSecuritiesHeading" />
    <link:loc xlink:type="locator" xlink:href="http://disclosure.edinet-fsa.go.jp/taxonomy/jpsps/2024-11-01/jpsps_cor_2024-11-01.xsd#jpsps_cor_MajorComponentsOfInvestmentSecuritiesTextBlock" xlink:label="jpsps_cor_MajorComponentsOfInvestmentSecuritiesTextBlock" />
    <link:loc xlink:type="locator" xlink:href="http://disclosure.edinet-fsa.go.jp/taxonomy/jpsps/2024-11-01/jpsps_cor_2024-11-01.xsd#jpsps_cor_MajorComponentsOfOtherInvestmentsHeading" xlink:label="jpsps_cor_MajorComponentsOfOtherInvestmentsHeading" />
    <link:loc xlink:type="locator" xlink:href="http://disclosure.edinet-fsa.go.jp/taxonomy/jpsps/2024-11-01/jpsps_cor_2024-11-01.xsd#jpsps_cor_MajorComponentsOfOtherInvestmentsTextBlock" xlink:label="jpsps_cor_MajorComponentsOfOtherInvestmentsTextBlock" />
    <link:loc xlink:type="locator" xlink:href="http://disclosure.edinet-fsa.go.jp/taxonomy/jpsps/2024-11-01/jpsps_cor_2024-11-01.xsd#jpsps_cor_ManagementFeesAndChargesHeading" xlink:label="jpsps_cor_ManagementFeesAndChargesHeading" />
    <link:loc xlink:type="locator" xlink:href="http://disclosure.edinet-fsa.go.jp/taxonomy/jpsps/2024-11-01/jpsps_cor_2024-11-01.xsd#jpsps_cor_ManagementFeesAndChargesTextBlock" xlink:label="jpsps_cor_ManagementFeesAndChargesTextBlock" />
    <link:loc xlink:type="locator" xlink:href="http://disclosure.edinet-fsa.go.jp/taxonomy/jpsps/2024-11-01/jpsps_cor_2024-11-01.xsd#jpsps_cor_NotesFinancialInformationOfInvestmentTrustManagementCompanyEtcHeading" xlink:label="jpsps_cor_NotesFinancialInformationOfInvestmentTrustManagementCompanyEtcHeading" />
    <link:loc xlink:type="locator" xlink:href="http://disclosure.edinet-fsa.go.jp/taxonomy/jpsps/2024-11-01/jpsps_cor_2024-11-01.xsd#jpsps_cor_NotesFinancialInformationOfInvestmentTrustManagementCompanyEtcTextBlock" xlink:label="jpsps_cor_NotesFinancialInformationOfInvestmentTrustManagementCompanyEtcTextBlock" />
    <link:loc xlink:type="locator" xlink:href="http://disclosure.edinet-fsa.go.jp/taxonomy/jpsps/2024-11-01/jpsps_cor_2024-11-01.xsd#jpsps_cor_OrganizationAndFrameworkOfInvestmentManagementHeading" xlink:label="jpsps_cor_OrganizationAndFrameworkOfInvestmentManagementHeading" />
    <link:loc xlink:type="locator" xlink:href="http://disclosure.edinet-fsa.go.jp/taxonomy/jpsps/2024-11-01/jpsps_cor_2024-11-01.xsd#jpsps_cor_OrganizationAndFrameworkOfInvestmentManagementTextBlock" xlink:label="jpsps_cor_OrganizationAndFrameworkOfInvestmentManagementTextBlock" />
    <link:loc xlink:type="locator" xlink:href="http://disclosure.edinet-fsa.go.jp/taxonomy/jpsps/2024-11-01/jpsps_cor_2024-11-01.xsd#jpsps_cor_OtherFeesAndChargesHeading" xlink:label="jpsps_cor_OtherFeesAndChargesHeading" />
    <link:loc xlink:type="locator" xlink:href="http://disclosure.edinet-fsa.go.jp/taxonomy/jpsps/2024-11-01/jpsps_cor_2024-11-01.xsd#jpsps_cor_OtherFeesAndChargesTextBlock" xlink:label="jpsps_cor_OtherFeesAndChargesTextBlock" />
    <link:loc xlink:type="locator" xlink:href="http://disclosure.edinet-fsa.go.jp/taxonomy/jpsps/2024-11-01/jpsps_cor_2024-11-01.xsd#jpsps_cor_OtherInformationOverviewOfAssetManagementEtcHeading" xlink:label="jpsps_cor_OtherInformationOverviewOfAssetManagementEtcHeading" />
    <link:loc xlink:type="locator" xlink:href="http://disclosure.edinet-fsa.go.jp/taxonomy/jpsps/2024-11-01/jpsps_cor_2024-11-01.xsd#jpsps_cor_OtherInformationOverviewOfAssetManagementEtcTextBlock" xlink:label="jpsps_cor_OtherInformationOverviewOfAssetManagementEtcTextBlock" />
    <link:loc xlink:type="locator" xlink:href="http://disclosure.edinet-fsa.go.jp/taxonomy/jpsps/2024-11-01/jpsps_cor_2024-11-01.xsd#jpsps_cor_OtherInformationOverviewOfInvestmentTrustManagementCompanyEtcHeading" xlink:label="jpsps_cor_OtherInformationOverviewOfInvestmentTrustManagementCompanyEtcHeading" />
    <link:loc xlink:type="locator" xlink:href="http://disclosure.edinet-fsa.go.jp/taxonomy/jpsps/2024-11-01/jpsps_cor_2024-11-01.xsd#jpsps_cor_OtherInformationOverviewOfInvestmentTrustManagementCompanyEtcTextBlock" xlink:label="jpsps_cor_OtherInformationOverviewOfInvestmentTrustManagementCompanyEtcTextBlock" />
    <link:loc xlink:type="locator" xlink:href="http://disclosure.edinet-fsa.go.jp/taxonomy/jpsps/2024-11-01/jpsps_cor_2024-11-01.xsd#jpsps_cor_OverviewOfAssetManagementEtcHeading" xlink:label="jpsps_cor_OverviewOfAssetManagementEtcHeading" />
    <link:loc xlink:type="locator" xlink:href="http://disclosure.edinet-fsa.go.jp/taxonomy/jpsps/2024-11-01/jpsps_cor_2024-11-01.xsd#jpsps_cor_OverviewOfFundHeading" xlink:label="jpsps_cor_OverviewOfFundHeading" />
    <link:loc xlink:type="locator" xlink:href="http://disclosure.edinet-fsa.go.jp/taxonomy/jpsps/2024-11-01/jpsps_cor_2024-11-01.xsd#jpsps_cor_OverviewOfInvestmentTrustManagementCompanyEtcHeading" xlink:label="jpsps_cor_OverviewOfInvestmentTrustManagementCompanyEtcHeading" />
    <link:loc xlink:type="locator" xlink:href="http://disclosure.edinet-fsa.go.jp/taxonomy/jpsps/2024-11-01/jpsps_cor_2024-11-01.xsd#jpsps_cor_OverviewOfInvestmentTrustManagementCompanyEtcInformationAboutInvestmentTrustManagementCompanyEtcHeading" xlink:label="jpsps_cor_OverviewOfInvestmentTrustManagementCompanyEtcInformationAboutInvestmentTrustManagementCompanyEtcHeading" />
    <link:loc xlink:type="locator" xlink:href="http://disclosure.edinet-fsa.go.jp/taxonomy/jpsps/2024-11-01/jpsps_cor_2024-11-01.xsd#jpsps_cor_OverviewOfInvestmentTrustManagementCompanyEtcTextBlock" xlink:label="jpsps_cor_OverviewOfInvestmentTrustManagementCompanyEtcTextBlock" />
    <link:loc xlink:type="locator" xlink:href="http://disclosure.edinet-fsa.go.jp/taxonomy/jpsps/2024-11-01/jpsps_cor_2024-11-01.xsd#jpsps_cor_OverviewOfOperationalProceduresRelatedToDomesticTrustBeneficiaryCertificatesHeading" xlink:label="jpsps_cor_OverviewOfOperationalProceduresRelatedToDomesticTrustBeneficiaryCertificatesHeading" />
    <link:loc xlink:type="locator" xlink:href="http://disclosure.edinet-fsa.go.jp/taxonomy/jpsps/2024-11-01/jpsps_cor_2024-11-01.xsd#jpsps_cor_OverviewOfOperationalProceduresRelatedToDomesticTrustBeneficiaryCertificatesTextBlock" xlink:label="jpsps_cor_OverviewOfOperationalProceduresRelatedToDomesticTrustBeneficiaryCertificatesTextBlock" />
    <link:loc xlink:type="locator" xlink:href="http://disclosure.edinet-fsa.go.jp/taxonomy/jpsps/2024-11-01/jpsps_cor_2024-11-01.xsd#jpsps_cor_OverviewOfOtherPartiesInvolvedHeading" xlink:label="jpsps_cor_OverviewOfOtherPartiesInvolvedHeading" />
    <link:loc xlink:type="locator" xlink:href="http://disclosure.edinet-fsa.go.jp/taxonomy/jpsps/2024-11-01/jpsps_cor_2024-11-01.xsd#jpsps_cor_OverviewOfOtherPartiesInvolvedTextBlock" xlink:label="jpsps_cor_OverviewOfOtherPartiesInvolvedTextBlock" />
    <link:loc xlink:type="locator" xlink:href="http://disclosure.edinet-fsa.go.jp/taxonomy/jpsps/2024-11-01/jpsps_cor_2024-11-01.xsd#jpsps_cor_ProceduresEtcForApplicationAndDistributionHeading" xlink:label="jpsps_cor_ProceduresEtcForApplicationAndDistributionHeading" />
    <link:loc xlink:type="locator" xlink:href="http://disclosure.edinet-fsa.go.jp/taxonomy/jpsps/2024-11-01/jpsps_cor_2024-11-01.xsd#jpsps_cor_ProceduresEtcForApplicationAndDistributionTextBlock" xlink:label="jpsps_cor_ProceduresEtcForApplicationAndDistributionTextBlock" />
    <link:loc xlink:type="locator" xlink:href="http://disclosure.edinet-fsa.go.jp/taxonomy/jpsps/2024-11-01/jpsps_cor_2024-11-01.xsd#jpsps_cor_ProfitDistributionPolicyHeading" xlink:label="jpsps_cor_ProfitDistributionPolicyHeading" />
    <link:loc xlink:type="locator" xlink:href="http://disclosure.edinet-fsa.go.jp/taxonomy/jpsps/2024-11-01/jpsps_cor_2024-11-01.xsd#jpsps_cor_ProfitDistributionPolicyTextBlock" xlink:label="jpsps_cor_ProfitDistributionPolicyTextBlock" />
    <link:loc xlink:type="locator" xlink:href="http://disclosure.edinet-fsa.go.jp/taxonomy/jpsps/2024-11-01/jpsps_cor_2024-11-01.xsd#jpsps_cor_PurposesAndBasicFeaturesOfFundHeading" xlink:label="jpsps_cor_PurposesAndBasicFeaturesOfFundHeading" />
    <link:loc xlink:type="locator" xlink:href="http://disclosure.edinet-fsa.go.jp/taxonomy/jpsps/2024-11-01/jpsps_cor_2024-11-01.xsd#jpsps_cor_PurposesAndBasicFeaturesOfFundTextBlock" xlink:label="jpsps_cor_PurposesAndBasicFeaturesOfFundTextBlock" />
    <link:loc xlink:type="locator" xlink:href="http://disclosure.edinet-fsa.go.jp/taxonomy/jpsps/2024-11-01/jpsps_cor_2024-11-01.xsd#jpsps_cor_RedemptionFeeHeading" xlink:label="jpsps_cor_RedemptionFeeHeading" />
    <link:loc xlink:type="locator" xlink:href="http://disclosure.edinet-fsa.go.jp/taxonomy/jpsps/2024-11-01/jpsps_cor_2024-11-01.xsd#jpsps_cor_RedemptionFeeTextBlock" xlink:label="jpsps_cor_RedemptionFeeTextBlock" />
    <link:loc xlink:type="locator" xlink:href="http://disclosure.edinet-fsa.go.jp/taxonomy/jpsps/2024-11-01/jpsps_cor_2024-11-01.xsd#jpsps_cor_RedemptionProceduresEtcHeading" xlink:label="jpsps_cor_RedemptionProceduresEtcHeading" />
    <link:loc xlink:type="locator" xlink:href="http://disclosure.edinet-fsa.go.jp/taxonomy/jpsps/2024-11-01/jpsps_cor_2024-11-01.xsd#jpsps_cor_RedemptionProceduresEtcTextBlock" xlink:label="jpsps_cor_RedemptionProceduresEtcTextBlock" />
    <link:loc xlink:type="locator" xlink:href="http://disclosure.edinet-fsa.go.jp/taxonomy/jpsps/2024-11-01/jpsps_cor_2024-11-01.xsd#jpsps_cor_RestrictionsOnInvestmentHeading" xlink:label="jpsps_cor_RestrictionsOnInvestmentHeading" />
    <link:loc xlink:type="locator" xlink:href="http://disclosure.edinet-fsa.go.jp/taxonomy/jpsps/2024-11-01/jpsps_cor_2024-11-01.xsd#jpsps_cor_RestrictionsOnInvestmentTextBlock" xlink:label="jpsps_cor_RestrictionsOnInvestmentTextBlock" />
    <link:loc xlink:type="locator" xlink:href="http://disclosure.edinet-fsa.go.jp/taxonomy/jpsps/2024-11-01/jpsps_cor_2024-11-01.xsd#jpsps_cor_RestrictionsOnTradesWithInterestedPartiesHeading" xlink:label="jpsps_cor_RestrictionsOnTradesWithInterestedPartiesHeading" />
    <link:loc xlink:type="locator" xlink:href="http://disclosure.edinet-fsa.go.jp/taxonomy/jpsps/2024-11-01/jpsps_cor_2024-11-01.xsd#jpsps_cor_RestrictionsOnTradesWithInterestedPartiesTextBlock" xlink:label="jpsps_cor_RestrictionsOnTradesWithInterestedPartiesTextBlock" />
    <link:loc xlink:type="locator" xlink:href="http://disclosure.edinet-fsa.go.jp/taxonomy/jpsps/2024-11-01/jpsps_cor_2024-11-01.xsd#jpsps_cor_RightsEtcOfBeneficiariesHeading" xlink:label="jpsps_cor_RightsEtcOfBeneficiariesHeading" />
    <link:loc xlink:type="locator" xlink:href="http://disclosure.edinet-fsa.go.jp/taxonomy/jpsps/2024-11-01/jpsps_cor_2024-11-01.xsd#jpsps_cor_RightsEtcOfBeneficiariesTextBlock" xlink:label="jpsps_cor_RightsEtcOfBeneficiariesTextBlock" />
    <link:loc xlink:type="locator" xlink:href="http://disclosure.edinet-fsa.go.jp/taxonomy/jpsps/2024-11-01/jpsps_cor_2024-11-01.xsd#jpsps_cor_StatementOfChangesInEquityFinancialInformationOfInvestmentTrustManagementCompanyEtcHeading" xlink:label="jpsps_cor_StatementOfChangesInEquityFinancialInformationOfInvestmentTrustManagementCompanyEtcHeading" />
    <link:loc xlink:type="locator" xlink:href="http://disclosure.edinet-fsa.go.jp/taxonomy/jpsps/2024-11-01/jpsps_cor_2024-11-01.xsd#jpsps_cor_StatementOfChangesInEquityFinancialInformationOfInvestmentTrustManagementCompanyEtcTextBlock" xlink:label="jpsps_cor_StatementOfChangesInEquityFinancialInformationOfInvestmentTrustManagementCompanyEtcTextBlock" />
    <link:loc xlink:type="locator" xlink:href="http://disclosure.edinet-fsa.go.jp/taxonomy/jpsps/2024-11-01/jpsps_cor_2024-11-01.xsd#jpsps_cor_StatementOfIncomeFinancialInformationOfInvestmentTrustManagementCompanyEtcHeading" xlink:label="jpsps_cor_StatementOfIncomeFinancialInformationOfInvestmentTrustManagementCompanyEtcHeading" />
    <link:loc xlink:type="locator" xlink:href="http://disclosure.edinet-fsa.go.jp/taxonomy/jpsps/2024-11-01/jpsps_cor_2024-11-01.xsd#jpsps_cor_StatementOfIncomeFinancialInformationOfInvestmentTrustManagementCompanyEtcTextBlock" xlink:label="jpsps_cor_StatementOfIncomeFinancialInformationOfInvestmentTrustManagementCompanyEtcTextBlock" />
    <link:loc xlink:type="locator" xlink:href="http://disclosure.edinet-fsa.go.jp/taxonomy/jpsps/2024-11-01/jpsps_cor_2024-11-01.xsd#jpsps_cor_StatusOfInvestmentHeading" xlink:label="jpsps_cor_StatusOfInvestmentHeading" />
    <link:loc xlink:type="locator" xlink:href="http://disclosure.edinet-fsa.go.jp/taxonomy/jpsps/2024-11-01/jpsps_cor_2024-11-01.xsd#jpsps_cor_StatusOfInvestmentManagementHeading" xlink:label="jpsps_cor_StatusOfInvestmentManagementHeading" />
    <link:loc xlink:type="locator" xlink:href="http://disclosure.edinet-fsa.go.jp/taxonomy/jpsps/2024-11-01/jpsps_cor_2024-11-01.xsd#jpsps_cor_StatusOfInvestmentManagementTextBlock" xlink:label="jpsps_cor_StatusOfInvestmentManagementTextBlock" />
    <link:loc xlink:type="locator" xlink:href="http://disclosure.edinet-fsa.go.jp/taxonomy/jpsps/2024-11-01/jpsps_cor_2024-11-01.xsd#jpsps_cor_StatusOfInvestmentTextBlock" xlink:label="jpsps_cor_StatusOfInvestmentTextBlock" />
    <link:loc xlink:type="locator" xlink:href="http://disclosure.edinet-fsa.go.jp/taxonomy/jpsps/2024-11-01/jpsps_cor_2024-11-01.xsd#jpsps_cor_SupplementaryReferenceInformationAboutActualPerformanceHeading" xlink:label="jpsps_cor_SupplementaryReferenceInformationAboutActualPerformanceHeading" />
    <link:loc xlink:type="locator" xlink:href="http://disclosure.edinet-fsa.go.jp/taxonomy/jpsps/2024-11-01/jpsps_cor_2024-11-01.xsd#jpsps_cor_SupplementaryReferenceInformationAboutActualPerformanceTextBlock" xlink:label="jpsps_cor_SupplementaryReferenceInformationAboutActualPerformanceTextBlock" />
    <link:loc xlink:type="locator" xlink:href="http://disclosure.edinet-fsa.go.jp/taxonomy/jpsps/2024-11-01/jpsps_cor_2024-11-01.xsd#jpsps_cor_SupplementaryReferenceInformationHeading" xlink:label="jpsps_cor_SupplementaryReferenceInformationHeading" />
    <link:loc xlink:type="locator" xlink:href="http://disclosure.edinet-fsa.go.jp/taxonomy/jpsps/2024-11-01/jpsps_cor_2024-11-01.xsd#jpsps_cor_SupplementaryReferenceInformationTextBlock" xlink:label="jpsps_cor_SupplementaryReferenceInformationTextBlock" />
    <link:loc xlink:type="locator" xlink:href="http://disclosure.edinet-fsa.go.jp/taxonomy/jpsps/2024-11-01/jpsps_cor_2024-11-01.xsd#jpsps_cor_TaxationHeading" xlink:label="jpsps_cor_TaxationHeading" />
    <link:loc xlink:type="locator" xlink:href="http://disclosure.edinet-fsa.go.jp/taxonomy/jpsps/2024-11-01/jpsps_cor_2024-11-01.xsd#jpsps_cor_TaxationTextBlock" xlink:label="jpsps_cor_TaxationTextBlock" />
    <link:loc xlink:type="locator" xlink:href="http://disclosure.edinet-fsa.go.jp/taxonomy/jpsps/2024-11-01/jpsps_cor_2024-11-01.xsd#jpsps_cor_ThingsToInvestInHeading" xlink:label="jpsps_cor_ThingsToInvestInHeading" />
    <link:loc xlink:type="locator" xlink:href="http://disclosure.edinet-fsa.go.jp/taxonomy/jpsps/2024-11-01/jpsps_cor_2024-11-01.xsd#jpsps_cor_ThingsToInvestInTextBlock" xlink:label="jpsps_cor_ThingsToInvestInTextBlock" />
    <link:loc xlink:type="locator" xlink:href="http://disclosure.edinet-fsa.go.jp/taxonomy/jpsps/2024-11-01/jpsps_cor_2024-11-01.xsd#jpsps_cor_TrustPeriodHeading" xlink:label="jpsps_cor_TrustPeriodHeading" />
    <link:loc xlink:type="locator" xlink:href="http://disclosure.edinet-fsa.go.jp/taxonomy/jpsps/2024-11-01/jpsps_cor_2024-11-01.xsd#jpsps_cor_TrustPeriodTextBlock" xlink:label="jpsps_cor_TrustPeriodTextBlock" />
    <link:loc xlink:type="locator" xlink:href="http://disclosure.edinet-fsa.go.jp/taxonomy/jpsps/2024-11-01/jpsps_cor_2024-11-01.xsd#jpsps_cor_ValuationOfAssetsHeading" xlink:label="jpsps_cor_ValuationOfAssetsHeading" />
    <link:loc xlink:type="locator" xlink:href="http://disclosure.edinet-fsa.go.jp/taxonomy/jpsps/2024-11-01/jpsps_cor_2024-11-01.xsd#jpsps_cor_ValuationOfAssetsTextBlock" xlink:label="jpsps_cor_ValuationOfAssetsTextBlock" />
    <link:presentationArc xlink:type="arc" xlink:from="jpsps_cor_AccountingPeriodHeading" xlink:to="jpsps_cor_AccountingPeriodTextBlock" xlink:arcrole="http://www.xbrl.org/2003/arcrole/parent-child" order="1" />
    <link:presentationArc xlink:type="arc" xlink:from="jpsps_cor_ActualPerformanceHeading" xlink:to="jpsps_cor_ChangesInNetAssetsHeading" xlink:arcrole="http://www.xbrl.org/2003/arcrole/parent-child" order="1" />
    <link:presentationArc xlink:type="arc" xlink:from="jpsps_cor_ActualPerformanceHeading" xlink:to="jpsps_cor_HistoricalRecordsOfProfitDistributionHeading" xlink:arcrole="http://www.xbrl.org/2003/arcrole/parent-child" order="2" />
    <link:presentationArc xlink:type="arc" xlink:from="jpsps_cor_ActualPerformanceHeading" xlink:to="jpsps_cor_HistoricalRecordsOfReturnRatioHeading" xlink:arcrole="http://www.xbrl.org/2003/arcrole/parent-child" order="3" />
    <link:presentationArc xlink:type="arc" xlink:from="jpsps_cor_AdministrationAndOperationHeading" xlink:to="jpsps_cor_ProceduresEtcForApplicationAndDistributionHeading" xlink:arcrole="http://www.xbrl.org/2003/arcrole/parent-child" order="1" />
    <link:presentationArc xlink:type="arc" xlink:from="jpsps_cor_AdministrationAndOperationHeading" xlink:to="jpsps_cor_RedemptionProceduresEtcHeading" xlink:arcrole="http://www.xbrl.org/2003/arcrole/parent-child" order="2" />
    <link:presentationArc xlink:type="arc" xlink:from="jpsps_cor_AdministrationAndOperationHeading" xlink:to="jpsps_cor_OverviewOfAssetManagementEtcHeading" xlink:arcrole="http://www.xbrl.org/2003/arcrole/parent-child" order="3" />
    <link:presentationArc xlink:type="arc" xlink:from="jpsps_cor_AdministrationAndOperationHeading" xlink:to="jpsps_cor_RightsEtcOfBeneficiariesHeading" xlink:arcrole="http://www.xbrl.org/2003/arcrole/parent-child" order="4" />
    <link:presentationArc xlink:type="arc" xlink:from="jpsps_cor_ApplicationFeeOverviewOfFundHeading" xlink:to="jpsps_cor_ApplicationFeeOverviewOfFundTextBlock" xlink:arcrole="http://www.xbrl.org/2003/arcrole/parent-child" order="1" />
    <link:presentationArc xlink:type="arc" xlink:from="jpsps_cor_BalanceSheetFinancialInformationOfInvestmentTrustManagementCompanyEtcHeading" xlink:to="jpsps_cor_BalanceSheetFinancialInformationOfInvestmentTrustManagementCompanyEtcTextBlock" xlink:arcrole="http://www.xbrl.org/2003/arcrole/parent-child" order="1" />
    <link:presentationArc xlink:type="arc" xlink:from="jpsps_cor_CabinetOfficeOrdinanceOnDisclosureOfInformationEtcOnSpecifiedSecuritiesFormNo7AnnualSecuritiesReportHeading" xlink:to="jpsps_cor_CoverPageHeading" xlink:arcrole="http://www.xbrl.org/2003/arcrole/parent-child" order="1" />
    <link:presentationArc xlink:type="arc" xlink:from="jpsps_cor_CabinetOfficeOrdinanceOnDisclosureOfInformationEtcOnSpecifiedSecuritiesFormNo7AnnualSecuritiesReportHeading" xlink:to="jpsps_cor_FundInformationHeading" xlink:arcrole="http://www.xbrl.org/2003/arcrole/parent-child" order="2" />
    <link:presentationArc xlink:type="arc" xlink:from="jpsps_cor_CabinetOfficeOrdinanceOnDisclosureOfInformationEtcOnSpecifiedSecuritiesFormNo7AnnualSecuritiesReportHeading" xlink:to="jpsps_cor_InformationAboutInvestmentTrustManagementCompanyEtcHeading" xlink:arcrole="http://www.xbrl.org/2003/arcrole/parent-child" order="7" />
    <link:presentationArc xlink:type="arc" xlink:from="jpsps_cor_CalculationOfNetAssetsHeading" xlink:to="jpsps_cor_CalculationOfNetAssetsTextBlock" xlink:arcrole="http://www.xbrl.org/2003/arcrole/parent-child" order="1" />
    <link:presentationArc xlink:type="arc" xlink:from="jpsps_cor_ChangesInNetAssetsHeading" xlink:to="jpsps_cor_ChangesInNetAssetsTextBlock" xlink:arcrole="http://www.xbrl.org/2003/arcrole/parent-child" order="1" />
    <link:presentationArc xlink:type="arc" xlink:from="jpsps_cor_ComponentsOfRealEstateInvestmentsHeading" xlink:to="jpsps_cor_ComponentsOfRealEstateInvestmentsTextBlock" xlink:arcrole="http://www.xbrl.org/2003/arcrole/parent-child" order="1" />
    <link:presentationArc xlink:type="arc" xlink:from="jpsps_cor_CurrentStatusOfFundHeading" xlink:to="jpsps_cor_CalculationOfNetAssetsHeading" xlink:arcrole="http://www.xbrl.org/2003/arcrole/parent-child" order="1" />
    <link:presentationArc xlink:type="arc" xlink:from="jpsps_cor_CustodyHeading" xlink:to="jpsps_cor_CustodyTextBlock" xlink:arcrole="http://www.xbrl.org/2003/arcrole/parent-child" order="1" />
    <link:presentationArc xlink:type="arc" xlink:from="jpsps_cor_DescriptionOfBusinessAndOverviewOfOperationOverviewOfInvestmentTrustManagementCompanyEtcHeading" xlink:to="jpsps_cor_DescriptionOfBusinessAndOverviewOfOperationOverviewOfInvestmentTrustManagementCompanyEtcTextBlock" xlink:arcrole="http://www.xbrl.org/2003/arcrole/parent-child" order="1" />
    <link:presentationArc xlink:type="arc" xlink:from="jpsps_cor_FeaturesOfFundHeading" xlink:to="jpsps_cor_PurposesAndBasicFeaturesOfFundHeading" xlink:arcrole="http://www.xbrl.org/2003/arcrole/parent-child" order="1" />
    <link:presentationArc xlink:type="arc" xlink:from="jpsps_cor_FeaturesOfFundHeading" xlink:to="jpsps_cor_FundHistoryHeading" xlink:arcrole="http://www.xbrl.org/2003/arcrole/parent-child" order="2" />
    <link:presentationArc xlink:type="arc" xlink:from="jpsps_cor_FeaturesOfFundHeading" xlink:to="jpsps_cor_FundSchemeHeading" xlink:arcrole="http://www.xbrl.org/2003/arcrole/parent-child" order="3" />
    <link:presentationArc xlink:type="arc" xlink:from="jpsps_cor_FeesChargesAndTaxesHeading" xlink:to="jpsps_cor_ApplicationFeeOverviewOfFundHeading" xlink:arcrole="http://www.xbrl.org/2003/arcrole/parent-child" order="1" />
    <link:presentationArc xlink:type="arc" xlink:from="jpsps_cor_FeesChargesAndTaxesHeading" xlink:to="jpsps_cor_RedemptionFeeHeading" xlink:arcrole="http://www.xbrl.org/2003/arcrole/parent-child" order="2" />
    <link:presentationArc xlink:type="arc" xlink:from="jpsps_cor_FeesChargesAndTaxesHeading" xlink:to="jpsps_cor_ManagementFeesAndChargesHeading" xlink:arcrole="http://www.xbrl.org/2003/arcrole/parent-child" order="3" />
    <link:presentationArc xlink:type="arc" xlink:from="jpsps_cor_FeesChargesAndTaxesHeading" xlink:to="jpsps_cor_OtherFeesAndChargesHeading" xlink:arcrole="http://www.xbrl.org/2003/arcrole/parent-child" order="4" />
    <link:presentationArc xlink:type="arc" xlink:from="jpsps_cor_FeesChargesAndTaxesHeading" xlink:to="jpsps_cor_TaxationHeading" xlink:arcrole="http://www.xbrl.org/2003/arcrole/parent-child" order="5" />
    <link:presentationArc xlink:type="arc" xlink:from="jpsps_cor_FinancialInformationOfFundHeading" xlink:to="jpsps_cor_FinancialInformationOfFundTextBlock" xlink:arcrole="http://www.xbrl.org/2003/arcrole/parent-child" order="1" />
    <link:presentationArc xlink:type="arc" xlink:from="jpsps_cor_FinancialInformationOfFundHeading" xlink:to="jpsps_cor_FinancialStatementsHeading" xlink:arcrole="http://www.xbrl.org/2003/arcrole/parent-child" order="2" />
    <link:presentationArc xlink:type="arc" xlink:from="jpsps_cor_FinancialInformationOfFundHeading" xlink:to="jpsps_cor_CurrentStatusOfFundHeading" xlink:arcrole="http://www.xbrl.org/2003/arcrole/parent-child" order="3" />
    <link:presentationArc xlink:type="arc" xlink:from="jpsps_cor_FinancialInformationOfInvestmentTrustManagementCompanyEtcHeading" xlink:to="jpsps_cor_FinancialInformationOfInvestmentTrustManagementCompanyEtcTextBlock" xlink:arcrole="http://www.xbrl.org/2003/arcrole/parent-child" order="1" />
    <link:presentationArc xlink:type="arc" xlink:from="jpsps_cor_FinancialInformationOfInvestmentTrustManagementCompanyEtcHeading" xlink:to="jpsps_cor_BalanceSheetFinancialInformationOfInvestmentTrustManagementCompanyEtcHeading" xlink:arcrole="http://www.xbrl.org/2003/arcrole/parent-child" order="2" />
    <link:presentationArc xlink:type="arc" xlink:from="jpsps_cor_FinancialInformationOfInvestmentTrustManagementCompanyEtcHeading" xlink:to="jpsps_cor_StatementOfIncomeFinancialInformationOfInvestmentTrustManagementCompanyEtcHeading" xlink:arcrole="http://www.xbrl.org/2003/arcrole/parent-child" order="3" />
    <link:presentationArc xlink:type="arc" xlink:from="jpsps_cor_FinancialInformationOfInvestmentTrustManagementCompanyEtcHeading" xlink:to="jpsps_cor_StatementOfChangesInEquityFinancialInformationOfInvestmentTrustManagementCompanyEtcHeading" xlink:arcrole="http://www.xbrl.org/2003/arcrole/parent-child" order="4" />
    <link:presentationArc xlink:type="arc" xlink:from="jpsps_cor_FinancialInformationOfInvestmentTrustManagementCompanyEtcHeading" xlink:to="jpsps_cor_NotesFinancialInformationOfInvestmentTrustManagementCompanyEtcHeading" xlink:arcrole="http://www.xbrl.org/2003/arcrole/parent-child" order="5" />
    <link:presentationArc xlink:type="arc" xlink:from="jpsps_cor_FundHistoryHeading" xlink:to="jpsps_cor_FundHistoryTextBlock" xlink:arcrole="http://www.xbrl.org/2003/arcrole/parent-child" order="1" />
    <link:presentationArc xlink:type="arc" xlink:from="jpsps_cor_FundInformationHeading" xlink:to="jpsps_cor_OverviewOfFundHeading" xlink:arcrole="http://www.xbrl.org/2003/arcrole/parent-child" order="1" />
    <link:presentationArc xlink:type="arc" xlink:from="jpsps_cor_FundInformationHeading" xlink:to="jpsps_cor_AdministrationAndOperationHeading" xlink:arcrole="http://www.xbrl.org/2003/arcrole/parent-child" order="2" />
    <link:presentationArc xlink:type="arc" xlink:from="jpsps_cor_FundInformationHeading" xlink:to="jpsps_cor_FinancialInformationOfFundHeading" xlink:arcrole="http://www.xbrl.org/2003/arcrole/parent-child" order="3" />
    <link:presentationArc xlink:type="arc" xlink:from="jpsps_cor_FundInformationHeading" xlink:to="jpsps_cor_OverviewOfOperationalProceduresRelatedToDomesticTrustBeneficiaryCertificatesHeading" xlink:arcrole="http://www.xbrl.org/2003/arcrole/parent-child" order="4" />
    <link:presentationArc xlink:type="arc" xlink:from="jpsps_cor_FundSchemeHeading" xlink:to="jpsps_cor_FundSchemeTextBlock" xlink:arcrole="http://www.xbrl.org/2003/arcrole/parent-child" order="1" />
    <link:presentationArc xlink:type="arc" xlink:from="jpsps_cor_HistoricalRecordsOfInceptionsAndCancellationsHeading" xlink:to="jpsps_cor_HistoricalRecordsOfInceptionsAndCancellationsTextBlock" xlink:arcrole="http://www.xbrl.org/2003/arcrole/parent-child" order="1" />
    <link:presentationArc xlink:type="arc" xlink:from="jpsps_cor_HistoricalRecordsOfProfitDistributionHeading" xlink:to="jpsps_cor_HistoricalRecordsOfProfitDistributionTextBlock" xlink:arcrole="http://www.xbrl.org/2003/arcrole/parent-child" order="1" />
    <link:presentationArc xlink:type="arc" xlink:from="jpsps_cor_HistoricalRecordsOfReturnRatioHeading" xlink:to="jpsps_cor_HistoricalRecordsOfReturnRatioTextBlock" xlink:arcrole="http://www.xbrl.org/2003/arcrole/parent-child" order="1" />
    <link:presentationArc xlink:type="arc" xlink:from="jpsps_cor_InformationAboutInvestmentTrustManagementCompanyEtcHeading" xlink:to="jpsps_cor_OverviewOfInvestmentTrustManagementCompanyEtcInformationAboutInvestmentTrustManagementCompanyEtcHeading" xlink:arcrole="http://www.xbrl.org/2003/arcrole/parent-child" order="1" />
    <link:presentationArc xlink:type="arc" xlink:from="jpsps_cor_InformationAboutInvestmentTrustManagementCompanyEtcHeading" xlink:to="jpsps_cor_OverviewOfOtherPartiesInvolvedHeading" xlink:arcrole="http://www.xbrl.org/2003/arcrole/parent-child" order="2" />
    <link:presentationArc xlink:type="arc" xlink:from="jpsps_cor_InformationAboutInvestmentTrustManagementCompanyEtcHeading" xlink:to="jpsps_cor_SupplementaryReferenceInformationHeading" xlink:arcrole="http://www.xbrl.org/2003/arcrole/parent-child" order="3" />
    <link:presentationArc xlink:type="arc" xlink:from="jpsps_cor_InvestmentAssetsHeading" xlink:to="jpsps_cor_MajorComponentsOfInvestmentSecuritiesHeading" xlink:arcrole="http://www.xbrl.org/2003/arcrole/parent-child" order="1" />
    <link:presentationArc xlink:type="arc" xlink:from="jpsps_cor_InvestmentAssetsHeading" xlink:to="jpsps_cor_ComponentsOfRealEstateInvestmentsHeading" xlink:arcrole="http://www.xbrl.org/2003/arcrole/parent-child" order="2" />
    <link:presentationArc xlink:type="arc" xlink:from="jpsps_cor_InvestmentAssetsHeading" xlink:to="jpsps_cor_MajorComponentsOfOtherInvestmentsHeading" xlink:arcrole="http://www.xbrl.org/2003/arcrole/parent-child" order="3" />
    <link:presentationArc xlink:type="arc" xlink:from="jpsps_cor_InvestmentPolicyOverviewOfFundHeading" xlink:to="jpsps_cor_InvestmentPolicyHeading" xlink:arcrole="http://www.xbrl.org/2003/arcrole/parent-child" order="1" />
    <link:presentationArc xlink:type="arc" xlink:from="jpsps_cor_InvestmentPolicyHeading" xlink:to="jpsps_cor_InvestmentPolicyTextBlock" xlink:arcrole="http://www.xbrl.org/2003/arcrole/parent-child" order="1" />
    <link:presentationArc xlink:type="arc" xlink:from="jpsps_cor_OverviewOfFundHeading" xlink:to="jpsps_cor_InvestmentPolicyOverviewOfFundHeading" xlink:arcrole="http://www.xbrl.org/2003/arcrole/parent-child" order="2" />
    <link:presentationArc xlink:type="arc" xlink:from="jpsps_cor_InvestmentPolicyOverviewOfFundHeading" xlink:to="jpsps_cor_ThingsToInvestInHeading" xlink:arcrole="http://www.xbrl.org/2003/arcrole/parent-child" order="2" />
    <link:presentationArc xlink:type="arc" xlink:from="jpsps_cor_InvestmentPolicyOverviewOfFundHeading" xlink:to="jpsps_cor_OrganizationAndFrameworkOfInvestmentManagementHeading" xlink:arcrole="http://www.xbrl.org/2003/arcrole/parent-child" order="3" />
    <link:presentationArc xlink:type="arc" xlink:from="jpsps_cor_InvestmentPolicyOverviewOfFundHeading" xlink:to="jpsps_cor_ProfitDistributionPolicyHeading" xlink:arcrole="http://www.xbrl.org/2003/arcrole/parent-child" order="4" />
    <link:presentationArc xlink:type="arc" xlink:from="jpsps_cor_InvestmentPolicyOverviewOfFundHeading" xlink:to="jpsps_cor_RestrictionsOnInvestmentHeading" xlink:arcrole="http://www.xbrl.org/2003/arcrole/parent-child" order="5" />
    <link:presentationArc xlink:type="arc" xlink:from="jpsps_cor_InvestmentRisksHeading" xlink:to="jpsps_cor_InvestmentRisksTextBlock" xlink:arcrole="http://www.xbrl.org/2003/arcrole/parent-child" order="1" />
    <link:presentationArc xlink:type="arc" xlink:from="jpsps_cor_MajorComponentsOfInvestmentSecuritiesHeading" xlink:to="jpsps_cor_MajorComponentsOfInvestmentSecuritiesTextBlock" xlink:arcrole="http://www.xbrl.org/2003/arcrole/parent-child" order="1" />
    <link:presentationArc xlink:type="arc" xlink:from="jpsps_cor_MajorComponentsOfOtherInvestmentsHeading" xlink:to="jpsps_cor_MajorComponentsOfOtherInvestmentsTextBlock" xlink:arcrole="http://www.xbrl.org/2003/arcrole/parent-child" order="1" />
    <link:presentationArc xlink:type="arc" xlink:from="jpsps_cor_ManagementFeesAndChargesHeading" xlink:to="jpsps_cor_ManagementFeesAndChargesTextBlock" xlink:arcrole="http://www.xbrl.org/2003/arcrole/parent-child" order="1" />
    <link:presentationArc xlink:type="arc" xlink:from="jpsps_cor_NotesFinancialInformationOfInvestmentTrustManagementCompanyEtcHeading" xlink:to="jpsps_cor_NotesFinancialInformationOfInvestmentTrustManagementCompanyEtcTextBlock" xlink:arcrole="http://www.xbrl.org/2003/arcrole/parent-child" order="1" />
    <link:presentationArc xlink:type="arc" xlink:from="jpsps_cor_OrganizationAndFrameworkOfInvestmentManagementHeading" xlink:to="jpsps_cor_OrganizationAndFrameworkOfInvestmentManagementTextBlock" xlink:arcrole="http://www.xbrl.org/2003/arcrole/parent-child" order="1" />
    <link:presentationArc xlink:type="arc" xlink:from="jpsps_cor_OtherFeesAndChargesHeading" xlink:to="jpsps_cor_OtherFeesAndChargesTextBlock" xlink:arcrole="http://www.xbrl.org/2003/arcrole/parent-child" order="1" />
    <link:presentationArc xlink:type="arc" xlink:from="jpsps_cor_OtherInformationOverviewOfAssetManagementEtcHeading" xlink:to="jpsps_cor_OtherInformationOverviewOfAssetManagementEtcTextBlock" xlink:arcrole="http://www.xbrl.org/2003/arcrole/parent-child" order="1" />
    <link:presentationArc xlink:type="arc" xlink:from="jpsps_cor_OtherInformationOverviewOfInvestmentTrustManagementCompanyEtcHeading" xlink:to="jpsps_cor_OtherInformationOverviewOfInvestmentTrustManagementCompanyEtcTextBlock" xlink:arcrole="http://www.xbrl.org/2003/arcrole/parent-child" order="1" />
    <link:presentationArc xlink:type="arc" xlink:from="jpsps_cor_OverviewOfAssetManagementEtcHeading" xlink:to="jpsps_cor_ValuationOfAssetsHeading" xlink:arcrole="http://www.xbrl.org/2003/arcrole/parent-child" order="1" />
    <link:presentationArc xlink:type="arc" xlink:from="jpsps_cor_OverviewOfAssetManagementEtcHeading" xlink:to="jpsps_cor_CustodyHeading" xlink:arcrole="http://www.xbrl.org/2003/arcrole/parent-child" order="2" />
    <link:presentationArc xlink:type="arc" xlink:from="jpsps_cor_OverviewOfAssetManagementEtcHeading" xlink:to="jpsps_cor_TrustPeriodHeading" xlink:arcrole="http://www.xbrl.org/2003/arcrole/parent-child" order="3" />
    <link:presentationArc xlink:type="arc" xlink:from="jpsps_cor_OverviewOfAssetManagementEtcHeading" xlink:to="jpsps_cor_AccountingPeriodHeading" xlink:arcrole="http://www.xbrl.org/2003/arcrole/parent-child" order="4" />
    <link:presentationArc xlink:type="arc" xlink:from="jpsps_cor_OverviewOfAssetManagementEtcHeading" xlink:to="jpsps_cor_OtherInformationOverviewOfAssetManagementEtcHeading" xlink:arcrole="http://www.xbrl.org/2003/arcrole/parent-child" order="5" />
    <link:presentationArc xlink:type="arc" xlink:from="jpsps_cor_OverviewOfFundHeading" xlink:to="jpsps_cor_FeaturesOfFundHeading" xlink:arcrole="http://www.xbrl.org/2003/arcrole/parent-child" order="1" />
    <link:presentationArc xlink:type="arc" xlink:from="jpsps_cor_OverviewOfFundHeading" xlink:to="jpsps_cor_InvestmentRisksHeading" xlink:arcrole="http://www.xbrl.org/2003/arcrole/parent-child" order="3" />
    <link:presentationArc xlink:type="arc" xlink:from="jpsps_cor_OverviewOfFundHeading" xlink:to="jpsps_cor_FeesChargesAndTaxesHeading" xlink:arcrole="http://www.xbrl.org/2003/arcrole/parent-child" order="4" />
    <link:presentationArc xlink:type="arc" xlink:from="jpsps_cor_OverviewOfFundHeading" xlink:to="jpsps_cor_StatusOfInvestmentManagementHeading" xlink:arcrole="http://www.xbrl.org/2003/arcrole/parent-child" order="5" />
    <link:presentationArc xlink:type="arc" xlink:from="jpsps_cor_OverviewOfInvestmentTrustManagementCompanyEtcInformationAboutInvestmentTrustManagementCompanyEtcHeading" xlink:to="jpsps_cor_OverviewOfInvestmentTrustManagementCompanyEtcHeading" xlink:arcrole="http://www.xbrl.org/2003/arcrole/parent-child" order="1" />
    <link:presentationArc xlink:type="arc" xlink:from="jpsps_cor_OverviewOfInvestmentTrustManagementCompanyEtcHeading" xlink:to="jpsps_cor_OverviewOfInvestmentTrustManagementCompanyEtcTextBlock" xlink:arcrole="http://www.xbrl.org/2003/arcrole/parent-child" order="1" />
    <link:presentationArc xlink:type="arc" xlink:from="jpsps_cor_OverviewOfInvestmentTrustManagementCompanyEtcInformationAboutInvestmentTrustManagementCompanyEtcHeading" xlink:to="jpsps_cor_DescriptionOfBusinessAndOverviewOfOperationOverviewOfInvestmentTrustManagementCompanyEtcHeading" xlink:arcrole="http://www.xbrl.org/2003/arcrole/parent-child" order="2" />
    <link:presentationArc xlink:type="arc" xlink:from="jpsps_cor_OverviewOfInvestmentTrustManagementCompanyEtcInformationAboutInvestmentTrustManagementCompanyEtcHeading" xlink:to="jpsps_cor_FinancialInformationOfInvestmentTrustManagementCompanyEtcHeading" xlink:arcrole="http://www.xbrl.org/2003/arcrole/parent-child" order="3" />
    <link:presentationArc xlink:type="arc" xlink:from="jpsps_cor_OverviewOfInvestmentTrustManagementCompanyEtcInformationAboutInvestmentTrustManagementCompanyEtcHeading" xlink:to="jpsps_cor_RestrictionsOnTradesWithInterestedPartiesHeading" xlink:arcrole="http://www.xbrl.org/2003/arcrole/parent-child" order="4" />
    <link:presentationArc xlink:type="arc" xlink:from="jpsps_cor_OverviewOfInvestmentTrustManagementCompanyEtcInformationAboutInvestmentTrustManagementCompanyEtcHeading" xlink:to="jpsps_cor_OtherInformationOverviewOfInvestmentTrustManagementCompanyEtcHeading" xlink:arcrole="http://www.xbrl.org/2003/arcrole/parent-child" order="5" />
    <link:presentationArc xlink:type="arc" xlink:from="jpsps_cor_OverviewOfOperationalProceduresRelatedToDomesticTrustBeneficiaryCertificatesHeading" xlink:to="jpsps_cor_OverviewOfOperationalProceduresRelatedToDomesticTrustBeneficiaryCertificatesTextBlock" xlink:arcrole="http://www.xbrl.org/2003/arcrole/parent-child" order="1" />
    <link:presentationArc xlink:type="arc" xlink:from="jpsps_cor_OverviewOfOtherPartiesInvolvedHeading" xlink:to="jpsps_cor_OverviewOfOtherPartiesInvolvedTextBlock" xlink:arcrole="http://www.xbrl.org/2003/arcrole/parent-child" order="1" />
    <link:presentationArc xlink:type="arc" xlink:from="jpsps_cor_ProceduresEtcForApplicationAndDistributionHeading" xlink:to="jpsps_cor_ProceduresEtcForApplicationAndDistributionTextBlock" xlink:arcrole="http://www.xbrl.org/2003/arcrole/parent-child" order="1" />
    <link:presentationArc xlink:type="arc" xlink:from="jpsps_cor_ProfitDistributionPolicyHeading" xlink:to="jpsps_cor_ProfitDistributionPolicyTextBlock" xlink:arcrole="http://www.xbrl.org/2003/arcrole/parent-child" order="1" />
    <link:presentationArc xlink:type="arc" xlink:from="jpsps_cor_PurposesAndBasicFeaturesOfFundHeading" xlink:to="jpsps_cor_PurposesAndBasicFeaturesOfFundTextBlock" xlink:arcrole="http://www.xbrl.org/2003/arcrole/parent-child" order="1" />
    <link:presentationArc xlink:type="arc" xlink:from="jpsps_cor_RedemptionFeeHeading" xlink:to="jpsps_cor_RedemptionFeeTextBlock" xlink:arcrole="http://www.xbrl.org/2003/arcrole/parent-child" order="1" />
    <link:presentationArc xlink:type="arc" xlink:from="jpsps_cor_RedemptionProceduresEtcHeading" xlink:to="jpsps_cor_RedemptionProceduresEtcTextBlock" xlink:arcrole="http://www.xbrl.org/2003/arcrole/parent-child" order="1" />
    <link:presentationArc xlink:type="arc" xlink:from="jpsps_cor_RestrictionsOnInvestmentHeading" xlink:to="jpsps_cor_RestrictionsOnInvestmentTextBlock" xlink:arcrole="http://www.xbrl.org/2003/arcrole/parent-child" order="1" />
    <link:presentationArc xlink:type="arc" xlink:from="jpsps_cor_RestrictionsOnTradesWithInterestedPartiesHeading" xlink:to="jpsps_cor_RestrictionsOnTradesWithInterestedPartiesTextBlock" xlink:arcrole="http://www.xbrl.org/2003/arcrole/parent-child" order="1" />
    <link:presentationArc xlink:type="arc" xlink:from="jpsps_cor_RightsEtcOfBeneficiariesHeading" xlink:to="jpsps_cor_RightsEtcOfBeneficiariesTextBlock" xlink:arcrole="http://www.xbrl.org/2003/arcrole/parent-child" order="1" />
    <link:presentationArc xlink:type="arc" xlink:from="jpsps_cor_StatementOfChangesInEquityFinancialInformationOfInvestmentTrustManagementCompanyEtcHeading" xlink:to="jpsps_cor_StatementOfChangesInEquityFinancialInformationOfInvestmentTrustManagementCompanyEtcTextBlock" xlink:arcrole="http://www.xbrl.org/2003/arcrole/parent-child" order="1" />
    <link:presentationArc xlink:type="arc" xlink:from="jpsps_cor_StatementOfIncomeFinancialInformationOfInvestmentTrustManagementCompanyEtcHeading" xlink:to="jpsps_cor_StatementOfIncomeFinancialInformationOfInvestmentTrustManagementCompanyEtcTextBlock" xlink:arcrole="http://www.xbrl.org/2003/arcrole/parent-child" order="1" />
    <link:presentationArc xlink:type="arc" xlink:from="jpsps_cor_StatusOfInvestmentManagementHeading" xlink:to="jpsps_cor_StatusOfInvestmentHeading" xlink:arcrole="http://www.xbrl.org/2003/arcrole/parent-child" order="2" />
    <link:presentationArc xlink:type="arc" xlink:from="jpsps_cor_StatusOfInvestmentHeading" xlink:to="jpsps_cor_StatusOfInvestmentTextBlock" xlink:arcrole="http://www.xbrl.org/2003/arcrole/parent-child" order="1" />
    <link:presentationArc xlink:type="arc" xlink:from="jpsps_cor_StatusOfInvestmentManagementHeading" xlink:to="jpsps_cor_StatusOfInvestmentManagementTextBlock" xlink:arcrole="http://www.xbrl.org/2003/arcrole/parent-child" order="1" />
    <link:presentationArc xlink:type="arc" xlink:from="jpsps_cor_StatusOfInvestmentManagementHeading" xlink:to="jpsps_cor_InvestmentAssetsHeading" xlink:arcrole="http://www.xbrl.org/2003/arcrole/parent-child" order="3" />
    <link:presentationArc xlink:type="arc" xlink:from="jpsps_cor_StatusOfInvestmentManagementHeading" xlink:to="jpsps_cor_ActualPerformanceHeading" xlink:arcrole="http://www.xbrl.org/2003/arcrole/parent-child" order="4" />
    <link:presentationArc xlink:type="arc" xlink:from="jpsps_cor_StatusOfInvestmentManagementHeading" xlink:to="jpsps_cor_HistoricalRecordsOfInceptionsAndCancellationsHeading" xlink:arcrole="http://www.xbrl.org/2003/arcrole/parent-child" order="5" />
    <link:presentationArc xlink:type="arc" xlink:from="jpsps_cor_StatusOfInvestmentManagementHeading" xlink:to="jpsps_cor_SupplementaryReferenceInformationAboutActualPerformanceHeading" xlink:arcrole="http://www.xbrl.org/2003/arcrole/parent-child" order="6" />
    <link:presentationArc xlink:type="arc" xlink:from="jpsps_cor_SupplementaryReferenceInformationAboutActualPerformanceHeading" xlink:to="jpsps_cor_SupplementaryReferenceInformationAboutActualPerformanceTextBlock" xlink:arcrole="http://www.xbrl.org/2003/arcrole/parent-child" order="1" />
    <link:presentationArc xlink:type="arc" xlink:from="jpsps_cor_SupplementaryReferenceInformationHeading" xlink:to="jpsps_cor_SupplementaryReferenceInformationTextBlock" xlink:arcrole="http://www.xbrl.org/2003/arcrole/parent-child" order="1" />
    <link:presentationArc xlink:type="arc" xlink:from="jpsps_cor_TaxationHeading" xlink:to="jpsps_cor_TaxationTextBlock" xlink:arcrole="http://www.xbrl.org/2003/arcrole/parent-child" order="1" />
    <link:presentationArc xlink:type="arc" xlink:from="jpsps_cor_ThingsToInvestInHeading" xlink:to="jpsps_cor_ThingsToInvestInTextBlock" xlink:arcrole="http://www.xbrl.org/2003/arcrole/parent-child" order="1" />
    <link:presentationArc xlink:type="arc" xlink:from="jpsps_cor_TrustPeriodHeading" xlink:to="jpsps_cor_TrustPeriodTextBlock" xlink:arcrole="http://www.xbrl.org/2003/arcrole/parent-child" order="1" />
    <link:presentationArc xlink:type="arc" xlink:from="jpsps_cor_ValuationOfAssetsHeading" xlink:to="jpsps_cor_ValuationOfAssetsTextBlock" xlink:arcrole="http://www.xbrl.org/2003/arcrole/parent-child" order="1" />
  </link:presentationLink>
</link:linkbase>