<?xml version="1.0" encoding="utf-8"?>
<manifest xmlns:jpsps_cor="http://disclosure.edinet-fsa.go.jp/taxonomy/jpsps/2024-11-01/jpsps_cor" xmlns="http://disclosure.edinet-fsa.go.jp/2013/manifest">
  <tocComposition>
    <title xml:lang="ja">提出本文書</title>
    <title xml:lang="en">Main Document</title>
    <item ref="jpsps070000" extrole="http://disclosure.edinet-fsa.go.jp/role/jpsps/rol_CabinetOfficeOrdinanceOnDisclosureOfInformationEtcOnSpecifiedSecuritiesFormNo7AnnualSecuritiesReport" in="presentation">
      <insert parent="jpsps_cor:FinancialInformationOfFundHeading">
        <item ref="jpsps070000_1" extrole="http://disclosure.edinet-fsa.go.jp/role/jpsps/rol_CabinetOfficeOrdinanceOnDisclosureOfInformationEtcOnSpecifiedSecuritiesFormNo7AnnualSecuritiesReport" start="jpsps_cor:FinancialStatementsHeading" in="presentation" />
      </insert>
      <insert parent="jpsps_cor:FinancialInformationOfFundHeading">
        <item ref="jpsps070000_2" extrole="http://disclosure.edinet-fsa.go.jp/role/jpsps/rol_CabinetOfficeOrdinanceOnDisclosureOfInformationEtcOnSpecifiedSecuritiesFormNo7AnnualSecuritiesReport" start="jpsps_cor:FinancialStatementsHeading" in="presentation" />
      </insert>
      <insert parent="jpsps_cor:FinancialInformationOfFundHeading">
        <item ref="jpsps070000_3" extrole="http://disclosure.edinet-fsa.go.jp/role/jpsps/rol_CabinetOfficeOrdinanceOnDisclosureOfInformationEtcOnSpecifiedSecuritiesFormNo7AnnualSecuritiesReport" start="jpsps_cor:FinancialStatementsHeading" in="presentation" />
      </insert>
      <insert parent="jpsps_cor:FinancialInformationOfFundHeading">
        <item ref="jpsps070000_4" extrole="http://disclosure.edinet-fsa.go.jp/role/jpsps/rol_CabinetOfficeOrdinanceOnDisclosureOfInformationEtcOnSpecifiedSecuritiesFormNo7AnnualSecuritiesReport" start="jpsps_cor:FinancialStatementsHeading" in="presentation" />
      </insert>
    </item>
  </tocComposition>
  <list>
    <instance id="jpsps070000" type="PublicDoc" preferredFilename="jpsps070000-asr-001_G11665-000_2025-04-16_01_2025-07-11.xbrl">
      <ixbrl>0000000_header_jpsps070000-asr-001_G11665-000_2025-04-16_01_2025-07-11_ixbrl.htm</ixbrl>
      <ixbrl>0201010_honbun_jpsps070000-asr-001_G11665-000_2025-04-16_01_2025-07-11_ixbrl.htm</ixbrl>
      <ixbrl>0204010_honbun_jpsps070000-asr-001_G11665-000_2025-04-16_01_2025-07-11_ixbrl.htm</ixbrl>
      <ixbrl>0204140_honbun_jpsps070000-asr-001_G11665-000_2025-04-16_01_2025-07-11_ixbrl.htm</ixbrl>
      <ixbrl>0301010_honbun_jpsps070000-asr-001_G11665-000_2025-04-16_01_2025-07-11_ixbrl.htm</ixbrl>
    </instance>
    <instance id="jpsps070000_1" type="PublicDoc" preferredFilename="jpsps070000-asr-001_G11665-001_2025-04-16_01_2025-07-11.xbrl">
      <ixbrl>0204020_honbun_jpsps070000-asr-001_G11665-001_2025-04-16_01_2025-07-11_ixbrl.htm</ixbrl>
      <ixbrl>0204030_honbun_jpsps070000-asr-001_G11665-001_2025-04-16_01_2025-07-11_ixbrl.htm</ixbrl>
      <ixbrl>0204040_honbun_jpsps070000-asr-001_G11665-001_2025-04-16_01_2025-07-11_ixbrl.htm</ixbrl>
    </instance>
    <instance id="jpsps070000_2" type="PublicDoc" preferredFilename="jpsps070000-asr-001_G11665-002_2025-04-16_01_2025-07-11.xbrl">
      <ixbrl>0204050_honbun_jpsps070000-asr-001_G11665-002_2025-04-16_01_2025-07-11_ixbrl.htm</ixbrl>
      <ixbrl>0204060_honbun_jpsps070000-asr-001_G11665-002_2025-04-16_01_2025-07-11_ixbrl.htm</ixbrl>
      <ixbrl>0204070_honbun_jpsps070000-asr-001_G11665-002_2025-04-16_01_2025-07-11_ixbrl.htm</ixbrl>
    </instance>
    <instance id="jpsps070000_3" type="PublicDoc" preferredFilename="jpsps070000-asr-001_G11665-003_2025-04-16_01_2025-07-11.xbrl">
      <ixbrl>0204080_honbun_jpsps070000-asr-001_G11665-003_2025-04-16_01_2025-07-11_ixbrl.htm</ixbrl>
      <ixbrl>0204090_honbun_jpsps070000-asr-001_G11665-003_2025-04-16_01_2025-07-11_ixbrl.htm</ixbrl>
      <ixbrl>0204100_honbun_jpsps070000-asr-001_G11665-003_2025-04-16_01_2025-07-11_ixbrl.htm</ixbrl>
    </instance>
    <instance id="jpsps070000_4" type="PublicDoc" preferredFilename="jpsps070000-asr-001_G11665-004_2025-04-16_01_2025-07-11.xbrl">
      <ixbrl>0204110_honbun_jpsps070000-asr-001_G11665-004_2025-04-16_01_2025-07-11_ixbrl.htm</ixbrl>
      <ixbrl>0204120_honbun_jpsps070000-asr-001_G11665-004_2025-04-16_01_2025-07-11_ixbrl.htm</ixbrl>
      <ixbrl>0204130_honbun_jpsps070000-asr-001_G11665-004_2025-04-16_01_2025-07-11_ixbrl.htm</ixbrl>
    </instance>
  </list>
</manifest>