<?xml version="1.0" encoding="utf-8"?>
<manifest xmlns:jpsps_cor="http://disclosure.edinet-fsa.go.jp/taxonomy/jpsps/2024-11-01/jpsps_cor" xmlns="http://disclosure.edinet-fsa.go.jp/2013/manifest">
  <tocComposition>
    <title xml:lang="ja">独立監査人の報告書</title>
    <title xml:lang="en">Independent Auditors' Report</title>
    <item ref="jpaud" extrole="http://disclosure.edinet-fsa.go.jp/role/jpsps/rol_IndependentAuditorsReport" in="presentation">
      <insert parent="jpsps_cor:IndependentAuditorsReportHeading">
        <item ref="jpaud_1" extrole="http://disclosure.edinet-fsa.go.jp/role/jpsps/rol_IndependentAuditorsReport" start="jpsps_cor:IndependentAuditorsReportHeading" in="presentation" />
      </insert>
      <insert parent="jpsps_cor:IndependentAuditorsReportHeading">
        <item ref="jpaud_2" extrole="http://disclosure.edinet-fsa.go.jp/role/jpsps/rol_IndependentAuditorsReport" start="jpsps_cor:IndependentAuditorsReportHeading" in="presentation" />
      </insert>
      <insert parent="jpsps_cor:IndependentAuditorsReportHeading">
        <item ref="jpaud_3" extrole="http://disclosure.edinet-fsa.go.jp/role/jpsps/rol_IndependentAuditorsReport" start="jpsps_cor:IndependentAuditorsReportHeading" in="presentation" />
      </insert>
      <insert parent="jpsps_cor:IndependentAuditorsReportHeading">
        <item ref="jpaud_4" extrole="http://disclosure.edinet-fsa.go.jp/role/jpsps/rol_IndependentAuditorsReport" start="jpsps_cor:IndependentAuditorsReportHeading" in="presentation" />
      </insert>
    </item>
  </tocComposition>
  <list>
    <instance id="jpaud" type="AuditDoc" preferredFilename="jpaud-aar-cn-001_E12460-000_2025-04-16_01_2025-07-11.xbrl">
      <ixbrl>jpaud-aar-cn-001_E12460-000_2025-04-16_01_2025-07-11_ixbrl.htm</ixbrl>
    </instance>
    <instance id="jpaud_1" type="AuditDoc" preferredFilename="jpaud-aar-cn-001_G11665-001_2025-04-16_01_2025-07-11.xbrl">
      <ixbrl>jpaud-aar-cn-001_G11665-001_2025-04-16_01_2025-07-11_ixbrl.htm</ixbrl>
    </instance>
    <instance id="jpaud_2" type="AuditDoc" preferredFilename="jpaud-aar-cn-001_G11665-002_2025-04-16_01_2025-07-11.xbrl">
      <ixbrl>jpaud-aar-cn-001_G11665-002_2025-04-16_01_2025-07-11_ixbrl.htm</ixbrl>
    </instance>
    <instance id="jpaud_3" type="AuditDoc" preferredFilename="jpaud-aar-cn-001_G11665-003_2025-04-16_01_2025-07-11.xbrl">
      <ixbrl>jpaud-aar-cn-001_G11665-003_2025-04-16_01_2025-07-11_ixbrl.htm</ixbrl>
    </instance>
    <instance id="jpaud_4" type="AuditDoc" preferredFilename="jpaud-aar-cn-001_G11665-004_2025-04-16_01_2025-07-11.xbrl">
      <ixbrl>jpaud-aar-cn-001_G11665-004_2025-04-16_01_2025-07-11_ixbrl.htm</ixbrl>
    </instance>
  </list>
</manifest>